point_id,region_id,u_m,v_m,x_m,y_m,z_m,nx,ny,nz
0,0,18.800000000,-0.000000000,0.070904893,0.000000000,37.851819519,0.000000000,-1.000000000,0.000000000
1,1,18.626837105,0.002374632,0.068526727,0.000000000,37.678656673,0.000000000,-1.000000000,0.000000000
2,2,17.900000000,-0.000000000,0.070886522,0.000000000,36.951819519,0.000000000,-1.000000000,0.000000000
3,2,17.950000000,-0.000000000,0.070887542,0.000000000,37.001819519,0.000000000,-1.000000000,0.000000000
4,2,18.000000000,-0.000000000,0.070888563,0.000000000,37.051819519,0.000000000,-1.000000000,0.000000000
5,2,18.050000000,-0.000000000,0.070889584,0.000000000,37.101819519,0.000000000,-1.000000000,0.000000000
6,2,18.100000000,-0.000000000,0.070890604,0.000000000,37.151819519,0.000000000,-1.000000000,0.000000000
7,2,18.150000000,-0.000000000,0.070891625,0.000000000,37.201819519,0.000000000,-1.000000000,0.000000000
8,2,18.200000000,-0.000000000,0.070892646,0.000000000,37.251819519,0.000000000,-1.000000000,0.000000000
9,2,18.250000000,-0.000000000,0.070893666,0.000000000,37.301819519,0.000000000,-1.000000000,0.000000000
10,2,18.300000000,-0.000000000,0.070894687,0.000000000,37.351819519,0.000000000,-1.000000000,0.000000000
11,2,18.350000000,-0.000000000,0.070895707,0.000000000,37.401819519,0.000000000,-1.000000000,0.000000000
12,2,18.400000000,-0.000000000,0.070896728,0.000000000,37.451819519,0.000000000,-1.000000000,0.000000000
13,2,18.450000000,-0.000000000,0.070897749,0.000000000,37.501819519,0.000000000,-1.000000000,0.000000000
14,3,17.650000000,-0.000000000,0.070881418,0.000000000,36.701819519,0.000000000,-1.000000000,0.000000000
15,3,17.700000000,-0.000000000,0.070882439,0.000000000,36.751819519,0.000000000,-1.000000000,0.000000000
16,4,17.000000000,-0.000000000,0.070868150,0.000000000,36.051819520,0.000000000,-1.000000000,0.000000000
17,4,17.050000000,-0.000000000,0.070869171,0.000000000,36.101819520,0.000000000,-1.000000000,0.000000000
18,4,17.100000000,-0.000000000,0.070870191,0.000000000,36.151819520,0.000000000,-1.000000000,0.000000000
19,4,17.150000000,-0.000000000,0.070871212,0.000000000,36.201819520,0.000000000,-1.000000000,0.000000000
20,4,17.200000000,-0.000000000,0.070872233,0.000000000,36.251819520,0.000000000,-1.000000000,0.000000000
21,4,17.250000000,-0.000000000,0.070873253,0.000000000,36.301819520,0.000000000,-1.000000000,0.000000000
22,4,17.300000000,-0.000000000,0.070874274,0.000000000,36.351819520,0.000000000,-1.000000000,0.000000000
23,4,17.350000000,-0.000000000,0.070875295,0.000000000,36.401819520,0.000000000,-1.000000000,0.000000000
24,4,17.400000000,-0.000000000,0.070876315,0.000000000,36.451819520,0.000000000,-1.000000000,0.000000000
25,4,17.450000000,-0.000000000,0.070877336,0.000000000,36.501819520,0.000000000,-1.000000000,0.000000000
26,5,16.650000000,-0.000000000,0.070861005,0.000000000,35.701819520,0.000000000,-1.000000000,0.000000000
27,5,16.700000000,-0.000000000,0.070862026,0.000000000,35.751819520,0.000000000,-1.000000000,0.000000000
28,5,16.750000000,-0.000000000,0.070863047,0.000000000,35.801819520,0.000000000,-1.000000000,0.000000000
29,5,16.800000000,-0.000000000,0.070864067,0.000000000,35.851819520,0.000000000,-1.000000000,0.000000000
30,6,16.300000000,-0.000000000,0.070853861,0.000000000,35.351819520,0.000000000,-1.000000000,0.000000000
31,6,16.350000000,-0.000000000,0.070854882,0.000000000,35.401819520,0.000000000,-1.000000000,0.000000000
32,6,16.400000000,-0.000000000,0.070855902,0.000000000,35.451819520,0.000000000,-1.000000000,0.000000000
33,6,16.450000000,-0.000000000,0.070856923,0.000000000,35.501819520,0.000000000,-1.000000000,0.000000000
34,7,15.692262471,0.001494400,0.069347055,0.000000000,34.744082022,0.000000000,-1.000000000,0.000000000
35,8,15.200000000,-0.000000000,0.070831407,0.000000000,34.251819520,0.000000000,-1.000000000,0.000000000
36,8,15.250000000,-0.000000000,0.070832427,0.000000000,34.301819520,0.000000000,-1.000000000,0.000000000
37,8,15.300000000,-0.000000000,0.070833448,0.000000000,34.351819520,0.000000000,-1.000000000,0.000000000
38,8,15.350000000,-0.000000000,0.070834469,0.000000000,34.401819520,0.000000000,-1.000000000,0.000000000
39,8,15.400000000,-0.000000000,0.070835489,0.000000000,34.451819520,0.000000000,-1.000000000,0.000000000
40,9,14.650000000,-0.000000000,0.070820180,0.000000000,33.701819520,0.000000000,-1.000000000,0.000000000
41,9,14.700000000,-0.000000000,0.070821200,0.000000000,33.751819520,0.000000000,-1.000000000,0.000000000
42,9,14.750000000,-0.000000000,0.070822221,0.000000000,33.801819520,0.000000000,-1.000000000,0.000000000
43,9,14.800000000,-0.000000000,0.070823242,0.000000000,33.851819520,0.000000000,-1.000000000,0.000000000
44,9,14.850000000,-0.000000000,0.070824262,0.000000000,33.901819520,0.000000000,-1.000000000,0.000000000
45,9,14.900000000,-0.000000000,0.070825283,0.000000000,33.951819520,0.000000000,-1.000000000,0.000000000
46,9,14.950000000,-0.000000000,0.070826304,0.000000000,34.001819520,0.000000000,-1.000000000,0.000000000
47,9,15.000000000,-0.000000000,0.070827324,0.000000000,34.051819520,0.000000000,-1.000000000,0.000000000
48,10,14.300000000,-0.000000000,0.070813035,0.000000000,33.351819520,0.000000000,-1.000000000,0.000000000
49,10,14.350000000,-0.000000000,0.070814056,0.000000000,33.401819520,0.000000000,-1.000000000,0.000000000
50,10,14.400000000,-0.000000000,0.070815076,0.000000000,33.451819520,0.000000000,-1.000000000,0.000000000
51,11,13.700000000,-0.000000000,0.070800787,0.000000000,32.751819520,0.000000000,-1.000000000,0.000000000
52,11,13.750000000,-0.000000000,0.070801808,0.000000000,32.801819520,0.000000000,-1.000000000,0.000000000
53,11,13.800000000,-0.000000000,0.070802829,0.000000000,32.851819520,0.000000000,-1.000000000,0.000000000
54,11,13.850000000,-0.000000000,0.070803849,0.000000000,32.901819520,0.000000000,-1.000000000,0.000000000
55,11,13.900000000,-0.000000000,0.070804870,0.000000000,32.951819520,0.000000000,-1.000000000,0.000000000
56,11,13.950000000,-0.000000000,0.070805891,0.000000000,33.001819520,0.000000000,-1.000000000,0.000000000
57,11,14.000000000,-0.000000000,0.070806911,0.000000000,33.051819520,0.000000000,-1.000000000,0.000000000
58,11,14.050000000,-0.000000000,0.070807932,0.000000000,33.101819520,0.000000000,-1.000000000,0.000000000
59,11,14.100000000,-0.000000000,0.070808953,0.000000000,33.151819520,0.000000000,-1.000000000,0.000000000
60,12,13.400000000,-0.000000000,0.070794663,0.000000000,32.451819520,0.000000000,-1.000000000,0.000000000
61,13,12.600000000,-0.000000000,0.070778333,0.000000000,31.651819521,0.000000000,-1.000000000,0.000000000
62,13,12.650000000,-0.000000000,0.070779354,0.000000000,31.701819521,0.000000000,-1.000000000,0.000000000
63,13,12.700000000,-0.000000000,0.070780374,0.000000000,31.751819521,0.000000000,-1.000000000,0.000000000
64,13,12.750000000,-0.000000000,0.070781395,0.000000000,31.801819521,0.000000000,-1.000000000,0.000000000
65,13,12.800000000,-0.000000000,0.070782416,0.000000000,31.851819521,0.000000000,-1.000000000,0.000000000
66,13,12.850000000,-0.000000000,0.070783436,0.000000000,31.901819520,0.000000000,-1.000000000,0.000000000
67,13,12.900000000,-0.000000000,0.070784457,0.000000000,31.951819520,0.000000000,-1.000000000,0.000000000
68,13,12.950000000,-0.000000000,0.070785478,0.000000000,32.001819520,0.000000000,-1.000000000,0.000000000
69,13,13.000000000,-0.000000000,0.070786498,0.000000000,32.051819520,0.000000000,-1.000000000,0.000000000
70,13,13.050000000,-0.000000000,0.070787519,0.000000000,32.101819520,0.000000000,-1.000000000,0.000000000
71,13,13.100000000,-0.000000000,0.070788540,0.000000000,32.151819520,0.000000000,-1.000000000,0.000000000
72,13,13.150000000,-0.000000000,0.070789560,0.000000000,32.201819520,0.000000000,-1.000000000,0.000000000
73,13,13.200000000,-0.000000000,0.070790581,0.000000000,32.251819520,0.000000000,-1.000000000,0.000000000
74,14,12.319239214,0.003484516,0.067288086,0.000000000,31.371058806,0.000000000,-1.000000000,0.000000000
75,15,11.700000000,-0.000000000,0.070759962,0.000000000,30.751819521,0.000000000,-1.000000000,0.000000000
76,15,11.750000000,-0.000000000,0.070760982,0.000000000,30.801819521,0.000000000,-1.000000000,0.000000000
77,16,10.700000000,-0.000000000,0.070739549,0.000000000,29.751819521,0.000000000,-1.000000000,0.000000000
78,16,10.750000000,-0.000000000,0.070740569,0.000000000,29.801819521,0.000000000,-1.000000000,0.000000000
79,16,10.800000000,-0.000000000,0.070741590,0.000000000,29.851819521,0.000000000,-1.000000000,0.000000000
80,16,10.850000000,-0.000000000,0.070742611,0.000000000,29.901819521,0.000000000,-1.000000000,0.000000000
81,16,10.900000000,-0.000000000,0.070743631,0.000000000,29.951819521,0.000000000,-1.000000000,0.000000000
82,16,10.950000000,-0.000000000,0.070744652,0.000000000,30.001819521,0.000000000,-1.000000000,0.000000000
83,16,11.000000000,-0.000000000,0.070745672,0.000000000,30.051819521,0.000000000,-1.000000000,0.000000000
84,16,11.050000000,-0.000000000,0.070746693,0.000000000,30.101819521,0.000000000,-1.000000000,0.000000000
85,16,11.100000000,-0.000000000,0.070747714,0.000000000,30.151819521,0.000000000,-1.000000000,0.000000000
86,16,11.150000000,-0.000000000,0.070748734,0.000000000,30.201819521,0.000000000,-1.000000000,0.000000000
87,16,11.200000000,-0.000000000,0.070749755,0.000000000,30.251819521,0.000000000,-1.000000000,0.000000000
88,16,11.250000000,-0.000000000,0.070750776,0.000000000,30.301819521,0.000000000,-1.000000000,0.000000000
89,16,11.300000000,-0.000000000,0.070751796,0.000000000,30.351819521,0.000000000,-1.000000000,0.000000000
90,16,11.350000000,-0.000000000,0.070752817,0.000000000,30.401819521,0.000000000,-1.000000000,0.000000000
91,16,11.400000000,-0.000000000,0.070753838,0.000000000,30.451819521,0.000000000,-1.000000000,0.000000000
92,17,10.500000000,-0.000000000,0.070735466,0.000000000,29.551819521,0.000000000,-1.000000000,0.000000000
93,18,9.800000000,-0.000000000,0.070721177,0.000000000,28.851819521,0.000000000,-1.000000000,0.000000000
94,18,9.850000000,-0.000000000,0.070722198,0.000000000,28.901819521,0.000000000,-1.000000000,0.000000000
95,18,9.900000000,-0.000000000,0.070723218,0.000000000,28.951819521,0.000000000,-1.000000000,0.000000000
96,18,9.950000000,-0.000000000,0.070724239,0.000000000,29.001819521,0.000000000,-1.000000000,0.000000000
97,18,10.000000000,-0.000000000,0.070725260,0.000000000,29.051819521,0.000000000,-1.000000000,0.000000000
98,18,10.050000000,-0.000000000,0.070726280,0.000000000,29.101819521,0.000000000,-1.000000000,0.000000000
99,18,10.100000000,-0.000000000,0.070727301,0.000000000,29.151819521,0.000000000,-1.000000000,0.000000000
100,18,10.150000000,-0.000000000,0.070728321,0.000000000,29.201819521,0.000000000,-1.000000000,0.000000000
101,18,10.200000000,-0.000000000,0.070729342,0.000000000,29.251819521,0.000000000,-1.000000000,0.000000000
102,18,10.250000000,-0.000000000,0.070730363,0.000000000,29.301819521,0.000000000,-1.000000000,0.000000000
103,18,10.300000000,-0.000000000,0.070731383,0.000000000,29.351819521,0.000000000,-1.000000000,0.000000000
104,19,9.400000000,-0.000000000,0.070713012,0.000000000,28.451819521,0.000000000,-1.000000000,0.000000000
105,19,9.450000000,-0.000000000,0.070714032,0.000000000,28.501819521,0.000000000,-1.000000000,0.000000000
106,19,9.500000000,-0.000000000,0.070715053,0.000000000,28.551819521,0.000000000,-1.000000000,0.000000000
107,19,9.550000000,-0.000000000,0.070716074,0.000000000,28.601819521,0.000000000,-1.000000000,0.000000000
108,19,9.600000000,-0.000000000,0.070717094,0.000000000,28.651819521,0.000000000,-1.000000000,0.000000000
109,20,8.900000000,-0.000000000,0.070702805,0.000000000,27.951819521,0.000000000,-1.000000000,0.000000000
110,20,8.950000000,-0.000000000,0.070703826,0.000000000,28.001819521,0.000000000,-1.000000000,0.000000000
111,20,9.000000000,-0.000000000,0.070704847,0.000000000,28.051819521,0.000000000,-1.000000000,0.000000000
112,20,9.050000000,-0.000000000,0.070705867,0.000000000,28.101819521,0.000000000,-1.000000000,0.000000000
113,20,9.100000000,-0.000000000,0.070706888,0.000000000,28.151819521,0.000000000,-1.000000000,0.000000000
114,20,9.150000000,-0.000000000,0.070707909,0.000000000,28.201819521,0.000000000,-1.000000000,0.000000000
115,21,8.250000000,-0.000000000,0.070689537,0.000000000,27.301819521,0.000000000,-1.000000000,0.000000000
116,21,8.300000000,-0.000000000,0.070690558,0.000000000,27.351819521,0.000000000,-1.000000000,0.000000000
117,21,8.350000000,-0.000000000,0.070691578,0.000000000,27.401819521,0.000000000,-1.000000000,0.000000000
118,21,8.400000000,-0.000000000,0.070692599,0.000000000,27.451819521,0.000000000,-1.000000000,0.000000000
119,21,8.450000000,-0.000000000,0.070693620,0.000000000,27.501819521,0.000000000,-1.000000000,0.000000000
120,21,8.500000000,-0.000000000,0.070694640,0.000000000,27.551819521,0.000000000,-1.000000000,0.000000000
121,21,8.550000000,-0.000000000,0.070695661,0.000000000,27.601819521,0.000000000,-1.000000000,0.000000000
122,21,8.600000000,-0.000000000,0.070696681,0.000000000,27.651819521,0.000000000,-1.000000000,0.000000000
123,21,8.650000000,-0.000000000,0.070697702,0.000000000,27.701819521,0.000000000,-1.000000000,0.000000000
124,21,8.700000000,-0.000000000,0.070698723,0.000000000,27.751819521,0.000000000,-1.000000000,0.000000000
125,22,8.000000000,-0.000000000,0.070684434,0.000000000,27.051819522,0.000000000,-1.000000000,0.000000000
126,23,7.819239215,0.003392658,0.067288086,0.000000000,26.871058806,0.000000000,-1.000000000,0.000000000
127,24,6.200000000,-0.000000000,0.070647690,0.000000000,25.251819522,0.000000000,-1.000000000,0.000000000
128,24,6.250000000,-0.000000000,0.070648711,0.000000000,25.301819522,0.000000000,-1.000000000,0.000000000
129,24,6.300000000,-0.000000000,0.070649732,0.000000000,25.351819522,0.000000000,-1.000000000,0.000000000
130,24,6.350000000,-0.000000000,0.070650752,0.000000000,25.401819522,0.000000000,-1.000000000,0.000000000
131,24,6.400000000,-0.000000000,0.070651773,0.000000000,25.451819522,0.000000000,-1.000000000,0.000000000
132,24,6.450000000,-0.000000000,0.070652794,0.000000000,25.501819522,0.000000000,-1.000000000,0.000000000
133,24,6.500000000,-0.000000000,0.070653814,0.000000000,25.551819522,0.000000000,-1.000000000,0.000000000
134,24,6.550000000,-0.000000000,0.070654835,0.000000000,25.601819522,0.000000000,-1.000000000,0.000000000
135,24,6.600000000,-0.000000000,0.070655856,0.000000000,25.651819522,0.000000000,-1.000000000,0.000000000
136,24,6.650000000,-0.000000000,0.070656876,0.000000000,25.701819522,0.000000000,-1.000000000,0.000000000
137,24,6.700000000,-0.000000000,0.070657897,0.000000000,25.751819522,0.000000000,-1.000000000,0.000000000
138,24,6.750000000,-0.000000000,0.070658918,0.000000000,25.801819522,0.000000000,-1.000000000,0.000000000
139,24,6.800000000,-0.000000000,0.070659938,0.000000000,25.851819522,0.000000000,-1.000000000,0.000000000
140,24,6.850000000,-0.000000000,0.070660959,0.000000000,25.901819522,0.000000000,-1.000000000,0.000000000
141,25,5.800000000,-0.000000000,0.070639525,0.000000000,24.851819522,0.000000000,-1.000000000,0.000000000
142,25,5.850000000,-0.000000000,0.070640546,0.000000000,24.901819522,0.000000000,-1.000000000,0.000000000
143,25,5.900000000,-0.000000000,0.070641567,0.000000000,24.951819522,0.000000000,-1.000000000,0.000000000
144,25,5.950000000,-0.000000000,0.070642587,0.000000000,25.001819522,0.000000000,-1.000000000,0.000000000
145,25,6.000000000,-0.000000000,0.070643608,0.000000000,25.051819522,0.000000000,-1.000000000,0.000000000
146,26,5.300000000,-0.000000000,0.070629319,0.000000000,24.351819522,0.000000000,-1.000000000,0.000000000
147,26,5.350000000,-0.000000000,0.070630339,0.000000000,24.401819522,0.000000000,-1.000000000,0.000000000
148,26,5.400000000,-0.000000000,0.070631360,0.000000000,24.451819522,0.000000000,-1.000000000,0.000000000
149,26,5.450000000,-0.000000000,0.070632381,0.000000000,24.501819522,0.000000000,-1.000000000,0.000000000
150,26,5.500000000,-0.000000000,0.070633401,0.000000000,24.551819522,0.000000000,-1.000000000,0.000000000
151,26,5.550000000,-0.000000000,0.070634422,0.000000000,24.601819522,0.000000000,-1.000000000,0.000000000
152,27,4.500000000,-0.000000000,0.070612988,0.000000000,23.551819522,0.000000000,-1.000000000,0.000000000
153,27,4.550000000,-0.000000000,0.070614009,0.000000000,23.601819522,0.000000000,-1.000000000,0.000000000
154,27,4.600000000,-0.000000000,0.070615030,0.000000000,23.651819522,0.000000000,-1.000000000,0.000000000
155,27,4.650000000,-0.000000000,0.070616050,0.000000000,23.701819522,0.000000000,-1.000000000,0.000000000
156,27,4.700000000,-0.000000000,0.070617071,0.000000000,23.751819522,0.000000000,-1.000000000,0.000000000
157,27,4.750000000,-0.000000000,0.070618092,0.000000000,23.801819522,0.000000000,-1.000000000,0.000000000
158,27,4.800000000,-0.000000000,0.070619112,0.000000000,23.851819522,0.000000000,-1.000000000,0.000000000
159,27,4.850000000,-0.000000000,0.070620133,0.000000000,23.901819522,0.000000000,-1.000000000,0.000000000
160,27,4.900000000,-0.000000000,0.070621154,0.000000000,23.951819522,0.000000000,-1.000000000,0.000000000
161,27,4.950000000,-0.000000000,0.070622174,0.000000000,24.001819522,0.000000000,-1.000000000,0.000000000
162,27,5.000000000,-0.000000000,0.070623195,0.000000000,24.051819522,0.000000000,-1.000000000,0.000000000
163,27,5.050000000,-0.000000000,0.070624216,0.000000000,24.101819522,0.000000000,-1.000000000,0.000000000
164,27,5.100000000,-0.000000000,0.070625236,0.000000000,24.151819522,0.000000000,-1.000000000,0.000000000
165,28,3.500000000,-0.000000000,0.070592576,0.000000000,22.551819522,0.000000000,-1.000000000,0.000000000
166,28,3.550000000,-0.000000000,0.070593596,0.000000000,22.601819522,0.000000000,-1.000000000,0.000000000
167,28,3.600000000,-0.000000000,0.070594617,0.000000000,22.651819522,0.000000000,-1.000000000,0.000000000
168,28,3.650000000,-0.000000000,0.070595637,0.000000000,22.701819522,0.000000000,-1.000000000,0.000000000
169,28,3.700000000,-0.000000000,0.070596658,0.000000000,22.751819522,0.000000000,-1.000000000,0.000000000
170,28,3.750000000,-0.000000000,0.070597679,0.000000000,22.801819522,0.000000000,-1.000000000,0.000000000
171,28,3.800000000,-0.000000000,0.070598699,0.000000000,22.851819522,0.000000000,-1.000000000,0.000000000
172,28,3.850000000,-0.000000000,0.070599720,0.000000000,22.901819522,0.000000000,-1.000000000,0.000000000
173,28,3.900000000,-0.000000000,0.070600741,0.000000000,22.951819522,0.000000000,-1.000000000,0.000000000
174,28,3.950000000,-0.000000000,0.070601761,0.000000000,23.001819522,0.000000000,-1.000000000,0.000000000
175,28,4.000000000,-0.000000000,0.070602782,0.000000000,23.051819522,0.000000000,-1.000000000,0.000000000
176,28,4.050000000,-0.000000000,0.070603803,0.000000000,23.101819522,0.000000000,-1.000000000,0.000000000
177,28,4.100000000,-0.000000000,0.070604823,0.000000000,23.151819522,0.000000000,-1.000000000,0.000000000
178,28,4.150000000,-0.000000000,0.070605844,0.000000000,23.201819522,0.000000000,-1.000000000,0.000000000
179,28,4.200000000,-0.000000000,0.070606865,0.000000000,23.251819522,0.000000000,-1.000000000,0.000000000
180,29,3.150000000,-0.000000000,0.070585431,0.000000000,22.201819523,0.000000000,-1.000000000,0.000000000
181,29,3.200000000,-0.000000000,0.070586452,0.000000000,22.251819523,0.000000000,-1.000000000,0.000000000
182,29,3.250000000,-0.000000000,0.070587472,0.000000000,22.301819522,0.000000000,-1.000000000,0.000000000
183,29,3.300000000,-0.000000000,0.070588493,0.000000000,22.351819522,0.000000000,-1.000000000,0.000000000
184,30,2.600000000,-0.000000000,0.070574204,0.000000000,21.651819523,0.000000000,-1.000000000,0.000000000
185,30,2.650000000,-0.000000000,0.070575225,0.000000000,21.701819523,0.000000000,-1.000000000,0.000000000
186,30,2.700000000,-0.000000000,0.070576245,0.000000000,21.751819523,0.000000000,-1.000000000,0.000000000
187,30,2.750000000,-0.000000000,0.070577266,0.000000000,21.801819523,0.000000000,-1.000000000,0.000000000
188,30,2.800000000,-0.000000000,0.070578287,0.000000000,21.851819523,0.000000000,-1.000000000,0.000000000
189,30,2.850000000,-0.000000000,0.070579307,0.000000000,21.901819523,0.000000000,-1.000000000,0.000000000
190,30,2.900000000,-0.000000000,0.070580328,0.000000000,21.951819523,0.000000000,-1.000000000,0.000000000
191,30,2.950000000,-0.000000000,0.070581348,0.000000000,22.001819523,0.000000000,-1.000000000,0.000000000
192,31,0.800000000,-0.000000000,0.070537461,0.000000000,19.851819523,0.000000000,-1.000000000,0.000000000
193,31,0.850000000,-0.000000000,0.070538481,0.000000000,19.901819523,0.000000000,-1.000000000,0.000000000
194,31,0.900000000,-0.000000000,0.070539502,0.000000000,19.951819523,0.000000000,-1.000000000,0.000000000
195,31,0.950000000,-0.000000000,0.070540523,0.000000000,20.001819523,0.000000000,-1.000000000,0.000000000
196,31,1.000000000,-0.000000000,0.070541543,0.000000000,20.051819523,0.000000000,-1.000000000,0.000000000
197,31,1.050000000,-0.000000000,0.070542564,0.000000000,20.101819523,0.000000000,-1.000000000,0.000000000
198,31,1.100000000,-0.000000000,0.070543585,0.000000000,20.151819523,0.000000000,-1.000000000,0.000000000
199,31,1.150000000,-0.000000000,0.070544605,0.000000000,20.201819523,0.000000000,-1.000000000,0.000000000
200,31,1.200000000,-0.000000000,0.070545626,0.000000000,20.251819523,0.000000000,-1.000000000,0.000000000
201,31,1.250000000,-0.000000000,0.070546646,0.000000000,20.301819523,0.000000000,-1.000000000,0.000000000
202,31,1.300000000,-0.000000000,0.070547667,0.000000000,20.351819523,0.000000000,-1.000000000,0.000000000
203,31,1.350000000,-0.000000000,0.070548688,0.000000000,20.401819523,0.000000000,-1.000000000,0.000000000
204,31,1.400000000,-0.000000000,0.070549708,0.000000000,20.451819523,0.000000000,-1.000000000,0.000000000
205,31,1.450000000,-0.000000000,0.070550729,0.000000000,20.501819523,0.000000000,-1.000000000,0.000000000
206,31,1.500000000,-0.000000000,0.070551750,0.000000000,20.551819523,0.000000000,-1.000000000,0.000000000
207,32,0.400000000,-0.000000000,0.070529295,0.000000000,19.451819523,0.000000000,-1.000000000,0.000000000
208,32,0.450000000,-0.000000000,0.070530316,0.000000000,19.501819523,0.000000000,-1.000000000,0.000000000
209,32,0.500000000,-0.000000000,0.070531337,0.000000000,19.551819523,0.000000000,-1.000000000,0.000000000
210,32,0.550000000,-0.000000000,0.070532357,0.000000000,19.601819523,0.000000000,-1.000000000,0.000000000
211,32,0.600000000,-0.000000000,0.070533378,0.000000000,19.651819523,0.000000000,-1.000000000,0.000000000
212,33,-0.100000000,-0.000000000,0.070519089,0.000000000,18.951819523,0.000000000,-1.000000000,0.000000000
213,33,-0.050000000,-0.000000000,0.070520110,0.000000000,19.001819523,0.000000000,-1.000000000,0.000000000
214,33,0.000000000,-0.000000000,0.070521130,0.000000000,19.051819523,0.000000000,-1.000000000,0.000000000
215,33,0.050000000,-0.000000000,0.070522151,0.000000000,19.101819523,0.000000000,-1.000000000,0.000000000
216,33,0.100000000,-0.000000000,0.070523172,0.000000000,19.151819523,0.000000000,-1.000000000,0.000000000
217,33,0.150000000,-0.000000000,0.070524192,0.000000000,19.201819523,0.000000000,-1.000000000,0.000000000
218,34,-1.000000000,-0.000000000,0.070500717,0.000000000,18.051819523,0.000000000,-1.000000000,0.000000000
219,34,-0.950000000,-0.000000000,0.070501738,0.000000000,18.101819523,0.000000000,-1.000000000,0.000000000
220,34,-0.900000000,-0.000000000,0.070502759,0.000000000,18.151819523,0.000000000,-1.000000000,0.000000000
221,34,-0.850000000,-0.000000000,0.070503779,0.000000000,18.201819523,0.000000000,-1.000000000,0.000000000
222,34,-0.800000000,-0.000000000,0.070504800,0.000000000,18.251819523,0.000000000,-1.000000000,0.000000000
223,34,-0.750000000,-0.000000000,0.070505821,0.000000000,18.301819523,0.000000000,-1.000000000,0.000000000
224,34,-0.700000000,-0.000000000,0.070506841,0.000000000,18.351819523,0.000000000,-1.000000000,0.000000000
225,34,-0.650000000,-0.000000000,0.070507862,0.000000000,18.401819523,0.000000000,-1.000000000,0.000000000
226,34,-0.600000000,-0.000000000,0.070508883,0.000000000,18.451819523,0.000000000,-1.000000000,0.000000000
227,34,-0.550000000,-0.000000000,0.070509903,0.000000000,18.501819523,0.000000000,-1.000000000,0.000000000
228,34,-0.500000000,-0.000000000,0.070510924,0.000000000,18.551819523,0.000000000,-1.000000000,0.000000000
229,34,-0.450000000,-0.000000000,0.070511945,0.000000000,18.601819523,0.000000000,-1.000000000,0.000000000
230,34,-0.400000000,-0.000000000,0.070512965,0.000000000,18.651819523,0.000000000,-1.000000000,0.000000000
231,34,-0.350000000,-0.000000000,0.070513986,0.000000000,18.701819523,0.000000000,-1.000000000,0.000000000
232,34,-0.300000000,-0.000000000,0.070515006,0.000000000,18.751819523,0.000000000,-1.000000000,0.000000000
233,35,-1.900000000,-0.000000000,0.070482346,0.000000000,17.151819524,0.000000000,-1.000000000,0.000000000
234,35,-1.850000000,-0.000000000,0.070483366,0.000000000,17.201819524,0.000000000,-1.000000000,0.000000000
235,35,-1.800000000,-0.000000000,0.070484387,0.000000000,17.251819524,0.000000000,-1.000000000,0.000000000
236,35,-1.750000000,-0.000000000,0.070485408,0.000000000,17.301819524,0.000000000,-1.000000000,0.000000000
237,35,-1.700000000,-0.000000000,0.070486428,0.000000000,17.351819524,0.000000000,-1.000000000,0.000000000
238,35,-1.650000000,-0.000000000,0.070487449,0.000000000,17.401819524,0.000000000,-1.000000000,0.000000000
239,35,-1.600000000,-0.000000000,0.070488470,0.000000000,17.451819524,0.000000000,-1.000000000,0.000000000
240,35,-1.550000000,-0.000000000,0.070489490,0.000000000,17.501819523,0.000000000,-1.000000000,0.000000000
241,35,-1.500000000,-0.000000000,0.070490511,0.000000000,17.551819523,0.000000000,-1.000000000,0.000000000
242,35,-1.450000000,-0.000000000,0.070491532,0.000000000,17.601819523,0.000000000,-1.000000000,0.000000000
243,35,-1.400000000,-0.000000000,0.070492552,0.000000000,17.651819523,0.000000000,-1.000000000,0.000000000
244,35,-1.350000000,-0.000000000,0.070493573,0.000000000,17.701819523,0.000000000,-1.000000000,0.000000000
245,35,-1.300000000,-0.000000000,0.070494594,0.000000000,17.751819523,0.000000000,-1.000000000,0.000000000
246,36,-2.500000000,-0.000000000,0.070470098,0.000000000,16.551819524,0.000000000,-1.000000000,0.000000000
247,36,-2.450000000,-0.000000000,0.070471119,0.000000000,16.601819524,0.000000000,-1.000000000,0.000000000
248,36,-2.400000000,-0.000000000,0.070472139,0.000000000,16.651819524,0.000000000,-1.000000000,0.000000000
249,36,-2.350000000,-0.000000000,0.070473160,0.000000000,16.701819524,0.000000000,-1.000000000,0.000000000
250,36,-2.300000000,-0.000000000,0.070474181,0.000000000,16.751819524,0.000000000,-1.000000000,0.000000000
251,36,-2.250000000,-0.000000000,0.070475201,0.000000000,16.801819524,0.000000000,-1.000000000,0.000000000
252,36,-2.200000000,-0.000000000,0.070476222,0.000000000,16.851819524,0.000000000,-1.000000000,0.000000000
253,36,-2.150000000,-0.000000000,0.070477243,0.000000000,16.901819524,0.000000000,-1.000000000,0.000000000
254,36,-2.100000000,-0.000000000,0.070478263,0.000000000,16.951819524,0.000000000,-1.000000000,0.000000000
255,37,-2.800000000,-0.000000000,0.070463974,0.000000000,16.251819524,0.000000000,-1.000000000,0.000000000
256,37,-2.750000000,-0.000000000,0.070464995,0.000000000,16.301819524,0.000000000,-1.000000000,0.000000000
257,37,-2.700000000,-0.000000000,0.070466015,0.000000000,16.351819524,0.000000000,-1.000000000,0.000000000
258,38,-3.000000000,-0.000000000,0.070459892,0.000000000,16.051819524,0.000000000,-1.000000000,0.000000000
259,39,-3.881768663,0.003153826,0.067288066,-0.000000000,15.170050925,0.000000000,-1.000000000,0.000000000
260,40,-4.600000000,-0.000000000,0.070427231,-0.000000000,14.451819524,0.000000000,-1.000000000,0.000000000
261,40,-4.550000000,-0.000000000,0.070428252,-0.000000000,14.501819524,0.000000000,-1.000000000,0.000000000
262,40,-4.500000000,-0.000000000,0.070429272,-0.000000000,14.551819524,0.000000000,-1.000000000,0.000000000
263,40,-4.450000000,-0.000000000,0.070430293,-0.000000000,14.601819524,0.000000000,-1.000000000,0.000000000
264,40,-4.400000000,-0.000000000,0.070431313,-0.000000000,14.651819524,0.000000000,-1.000000000,0.000000000
265,40,-4.350000000,-0.000000000,0.070432334,-0.000000000,14.701819524,0.000000000,-1.000000000,0.000000000
266,40,-4.300000000,-0.000000000,0.070433355,-0.000000000,14.751819524,0.000000000,-1.000000000,0.000000000
267,40,-4.250000000,-0.000000000,0.070434375,-0.000000000,14.801819524,0.000000000,-1.000000000,0.000000000
268,40,-4.200000000,-0.000000000,0.070435396,-0.000000000,14.851819524,0.000000000,-1.000000000,0.000000000
269,41,-5.450000000,-0.000000000,0.070409880,-0.000000000,13.601819524,0.000000000,-1.000000000,0.000000000
270,41,-5.400000000,-0.000000000,0.070410901,-0.000000000,13.651819524,0.000000000,-1.000000000,0.000000000
271,41,-5.350000000,-0.000000000,0.070411921,-0.000000000,13.701819524,0.000000000,-1.000000000,0.000000000
272,41,-5.300000000,-0.000000000,0.070412942,-0.000000000,13.751819524,0.000000000,-1.000000000,0.000000000
273,41,-5.250000000,-0.000000000,0.070413962,-0.000000000,13.801819524,0.000000000,-1.000000000,0.000000000
274,41,-5.200000000,-0.000000000,0.070414983,-0.000000000,13.851819524,0.000000000,-1.000000000,0.000000000
275,41,-5.150000000,-0.000000000,0.070416004,-0.000000000,13.901819524,0.000000000,-1.000000000,0.000000000
276,41,-5.100000000,-0.000000000,0.070417024,-0.000000000,13.951819524,0.000000000,-1.000000000,0.000000000
277,41,-5.050000000,-0.000000000,0.070418045,-0.000000000,14.001819524,0.000000000,-1.000000000,0.000000000
278,41,-5.000000000,-0.000000000,0.070419066,-0.000000000,14.051819524,0.000000000,-1.000000000,0.000000000
279,41,-4.950000000,-0.000000000,0.070420086,-0.000000000,14.101819524,0.000000000,-1.000000000,0.000000000
280,41,-4.900000000,-0.000000000,0.070421107,-0.000000000,14.151819524,0.000000000,-1.000000000,0.000000000
281,41,-4.850000000,-0.000000000,0.070422128,-0.000000000,14.201819524,0.000000000,-1.000000000,0.000000000
282,41,-4.800000000,-0.000000000,0.070423148,-0.000000000,14.251819524,0.000000000,-1.000000000,0.000000000
283,42,-6.400000000,-0.000000000,0.070390488,-0.000000000,12.651819525,0.000000000,-1.000000000,0.000000000
284,42,-6.350000000,-0.000000000,0.070391508,-0.000000000,12.701819524,0.000000000,-1.000000000,0.000000000
285,42,-6.300000000,-0.000000000,0.070392529,-0.000000000,12.751819524,0.000000000,-1.000000000,0.000000000
286,42,-6.250000000,-0.000000000,0.070393550,-0.000000000,12.801819524,0.000000000,-1.000000000,0.000000000
287,42,-6.200000000,-0.000000000,0.070394570,-0.000000000,12.851819524,0.000000000,-1.000000000,0.000000000
288,42,-6.150000000,-0.000000000,0.070395591,-0.000000000,12.901819524,0.000000000,-1.000000000,0.000000000
289,42,-6.100000000,-0.000000000,0.070396611,-0.000000000,12.951819524,0.000000000,-1.000000000,0.000000000
290,42,-6.050000000,-0.000000000,0.070397632,-0.000000000,13.001819524,0.000000000,-1.000000000,0.000000000
291,42,-6.000000000,-0.000000000,0.070398653,-0.000000000,13.051819524,0.000000000,-1.000000000,0.000000000
292,42,-5.950000000,-0.000000000,0.070399673,-0.000000000,13.101819524,0.000000000,-1.000000000,0.000000000
293,42,-5.900000000,-0.000000000,0.070400694,-0.000000000,13.151819524,0.000000000,-1.000000000,0.000000000
294,42,-5.850000000,-0.000000000,0.070401715,-0.000000000,13.201819524,0.000000000,-1.000000000,0.000000000
295,42,-5.800000000,-0.000000000,0.070402735,-0.000000000,13.251819524,0.000000000,-1.000000000,0.000000000
296,42,-5.750000000,-0.000000000,0.070403756,-0.000000000,13.301819524,0.000000000,-1.000000000,0.000000000
297,42,-5.700000000,-0.000000000,0.070404777,-0.000000000,13.351819524,0.000000000,-1.000000000,0.000000000
298,43,-6.900000000,-0.000000000,0.070380281,-0.000000000,12.151819525,0.000000000,-1.000000000,0.000000000
299,43,-6.850000000,-0.000000000,0.070381302,-0.000000000,12.201819525,0.000000000,-1.000000000,0.000000000
300,43,-6.800000000,-0.000000000,0.070382322,-0.000000000,12.251819525,0.000000000,-1.000000000,0.000000000
301,43,-6.750000000,-0.000000000,0.070383343,-0.000000000,12.301819525,0.000000000,-1.000000000,0.000000000
302,43,-6.700000000,-0.000000000,0.070384364,-0.000000000,12.351819525,0.000000000,-1.000000000,0.000000000
303,43,-6.650000000,-0.000000000,0.070385384,-0.000000000,12.401819525,0.000000000,-1.000000000,0.000000000
304,43,-6.600000000,-0.000000000,0.070386405,-0.000000000,12.451819525,0.000000000,-1.000000000,0.000000000
305,44,-7.300000000,-0.000000000,0.070372116,-0.000000000,11.751819525,0.000000000,-1.000000000,0.000000000
306,44,-7.250000000,-0.000000000,0.070373137,-0.000000000,11.801819525,0.000000000,-1.000000000,0.000000000
307,44,-7.200000000,-0.000000000,0.070374157,-0.000000000,11.851819525,0.000000000,-1.000000000,0.000000000
308,44,-7.150000000,-0.000000000,0.070375178,-0.000000000,11.901819525,0.000000000,-1.000000000,0.000000000
309,45,-8.200000000,-0.000000000,0.070353744,-0.000000000,10.851819525,0.000000000,-1.000000000,0.000000000
310,45,-8.150000000,-0.000000000,0.070354765,-0.000000000,10.901819525,0.000000000,-1.000000000,0.000000000
311,45,-8.100000000,-0.000000000,0.070355786,-0.000000000,10.951819525,0.000000000,-1.000000000,0.000000000
312,45,-8.050000000,-0.000000000,0.070356806,-0.000000000,11.001819525,0.000000000,-1.000000000,0.000000000
313,45,-8.000000000,-0.000000000,0.070357827,-0.000000000,11.051819525,0.000000000,-1.000000000,0.000000000
314,45,-7.950000000,-0.000000000,0.070358848,-0.000000000,11.101819525,0.000000000,-1.000000000,0.000000000
315,45,-7.900000000,-0.000000000,0.070359868,-0.000000000,11.151819525,0.000000000,-1.000000000,0.000000000
316,45,-7.850000000,-0.000000000,0.070360889,-0.000000000,11.201819525,0.000000000,-1.000000000,0.000000000
317,45,-7.800000000,-0.000000000,0.070361910,-0.000000000,11.251819525,0.000000000,-1.000000000,0.000000000
318,45,-7.750000000,-0.000000000,0.070362930,-0.000000000,11.301819525,0.000000000,-1.000000000,0.000000000
319,45,-7.700000000,-0.000000000,0.070363951,-0.000000000,11.351819525,0.000000000,-1.000000000,0.000000000
320,45,-7.650000000,-0.000000000,0.070364971,-0.000000000,11.401819525,0.000000000,-1.000000000,0.000000000
321,45,-7.600000000,-0.000000000,0.070365992,-0.000000000,11.451819525,0.000000000,-1.000000000,0.000000000
322,45,-7.550000000,-0.000000000,0.070367013,-0.000000000,11.501819525,0.000000000,-1.000000000,0.000000000
323,45,-7.500000000,-0.000000000,0.070368033,-0.000000000,11.551819525,0.000000000,-1.000000000,0.000000000
324,46,-8.450000000,-0.000000000,0.070348641,-0.000000000,10.601819525,0.000000000,-1.000000000,0.000000000
325,46,-8.400000000,-0.000000000,0.070349662,-0.000000000,10.651819525,0.000000000,-1.000000000,0.000000000
326,47,-9.100000000,-0.000000000,0.070335373,-0.000000000,9.951819525,0.000000000,-1.000000000,0.000000000
327,47,-9.050000000,-0.000000000,0.070336393,-0.000000000,10.001819525,0.000000000,-1.000000000,0.000000000
328,47,-9.000000000,-0.000000000,0.070337414,-0.000000000,10.051819525,0.000000000,-1.000000000,0.000000000
329,47,-8.950000000,-0.000000000,0.070338435,-0.000000000,10.101819525,0.000000000,-1.000000000,0.000000000
330,47,-8.900000000,-0.000000000,0.070339455,-0.000000000,10.151819525,0.000000000,-1.000000000,0.000000000
331,47,-8.850000000,-0.000000000,0.070340476,-0.000000000,10.201819525,0.000000000,-1.000000000,0.000000000
332,47,-8.800000000,-0.000000000,0.070341497,-0.000000000,10.251819525,0.000000000,-1.000000000,0.000000000
333,47,-8.750000000,-0.000000000,0.070342517,-0.000000000,10.301819525,0.000000000,-1.000000000,0.000000000
334,47,-8.700000000,-0.000000000,0.070343538,-0.000000000,10.351819525,0.000000000,-1.000000000,0.000000000
335,47,-8.650000000,-0.000000000,0.070344559,-0.000000000,10.401819525,0.000000000,-1.000000000,0.000000000
336,48,-10.900000000,-0.000000000,0.070298629,-0.000000000,8.151819525,0.000000000,-1.000000000,0.000000000
337,48,-10.850000000,-0.000000000,0.070299650,-0.000000000,8.201819525,0.000000000,-1.000000000,0.000000000
338,48,-10.800000000,-0.000000000,0.070300671,-0.000000000,8.251819525,0.000000000,-1.000000000,0.000000000
339,48,-10.750000000,-0.000000000,0.070301691,-0.000000000,8.301819525,0.000000000,-1.000000000,0.000000000
340,48,-10.700000000,-0.000000000,0.070302712,-0.000000000,8.351819525,0.000000000,-1.000000000,0.000000000
341,48,-10.650000000,-0.000000000,0.070303733,-0.000000000,8.401819525,0.000000000,-1.000000000,0.000000000
342,48,-10.600000000,-0.000000000,0.070304753,-0.000000000,8.451819525,0.000000000,-1.000000000,0.000000000
343,48,-10.550000000,-0.000000000,0.070305774,-0.000000000,8.501819525,0.000000000,-1.000000000,0.000000000
344,48,-10.500000000,-0.000000000,0.070306795,-0.000000000,8.551819525,0.000000000,-1.000000000,0.000000000
345,48,-10.450000000,-0.000000000,0.070307815,-0.000000000,8.601819525,0.000000000,-1.000000000,0.000000000
346,48,-10.400000000,-0.000000000,0.070308836,-0.000000000,8.651819525,0.000000000,-1.000000000,0.000000000
347,48,-10.350000000,-0.000000000,0.070309857,-0.000000000,8.701819525,0.000000000,-1.000000000,0.000000000
348,48,-10.300000000,-0.000000000,0.070310877,-0.000000000,8.751819525,0.000000000,-1.000000000,0.000000000
349,48,-10.250000000,-0.000000000,0.070311898,-0.000000000,8.801819525,0.000000000,-1.000000000,0.000000000
350,48,-10.200000000,-0.000000000,0.070312918,-0.000000000,8.851819525,0.000000000,-1.000000000,0.000000000
351,49,-11.450000000,-0.000000000,0.070287402,-0.000000000,7.601819526,0.000000000,-1.000000000,0.000000000
352,49,-11.400000000,-0.000000000,0.070288423,-0.000000000,7.651819526,0.000000000,-1.000000000,0.000000000
353,49,-11.350000000,-0.000000000,0.070289444,-0.000000000,7.701819526,0.000000000,-1.000000000,0.000000000
354,49,-11.300000000,-0.000000000,0.070290464,-0.000000000,7.751819526,0.000000000,-1.000000000,0.000000000
355,49,-11.250000000,-0.000000000,0.070291485,-0.000000000,7.801819526,0.000000000,-1.000000000,0.000000000
356,49,-11.200000000,-0.000000000,0.070292506,-0.000000000,7.851819526,0.000000000,-1.000000000,0.000000000
357,49,-11.150000000,-0.000000000,0.070293526,-0.000000000,7.901819525,0.000000000,-1.000000000,0.000000000
358,49,-11.100000000,-0.000000000,0.070294547,-0.000000000,7.951819525,0.000000000,-1.000000000,0.000000000
359,50,-11.800000000,-0.000000000,0.070280258,-0.000000000,7.251819526,0.000000000,-1.000000000,0.000000000
360,50,-11.750000000,-0.000000000,0.070281278,-0.000000000,7.301819526,0.000000000,-1.000000000,0.000000000
361,50,-11.700000000,-0.000000000,0.070282299,-0.000000000,7.351819526,0.000000000,-1.000000000,0.000000000
362,50,-11.650000000,-0.000000000,0.070283320,-0.000000000,7.401819526,0.000000000,-1.000000000,0.000000000
363,51,-12.700000000,-0.000000000,0.070261886,-0.000000000,6.351819526,0.000000000,-1.000000000,0.000000000
364,51,-12.650000000,-0.000000000,0.070262907,-0.000000000,6.401819526,0.000000000,-1.000000000,0.000000000
365,51,-12.600000000,-0.000000000,0.070263927,-0.000000000,6.451819526,0.000000000,-1.000000000,0.000000000
366,51,-12.550000000,-0.000000000,0.070264948,-0.000000000,6.501819526,0.000000000,-1.000000000,0.000000000
367,51,-12.500000000,-0.000000000,0.070265969,-0.000000000,6.551819526,0.000000000,-1.000000000,0.000000000
368,51,-12.450000000,-0.000000000,0.070266989,-0.000000000,6.601819526,0.000000000,-1.000000000,0.000000000
369,51,-12.400000000,-0.000000000,0.070268010,-0.000000000,6.651819526,0.000000000,-1.000000000,0.000000000
370,51,-12.350000000,-0.000000000,0.070269031,-0.000000000,6.701819526,0.000000000,-1.000000000,0.000000000
371,51,-12.300000000,-0.000000000,0.070270051,-0.000000000,6.751819526,0.000000000,-1.000000000,0.000000000
372,51,-12.250000000,-0.000000000,0.070271072,-0.000000000,6.801819526,0.000000000,-1.000000000,0.000000000
373,51,-12.200000000,-0.000000000,0.070272093,-0.000000000,6.851819526,0.000000000,-1.000000000,0.000000000
374,51,-12.150000000,-0.000000000,0.070273113,-0.000000000,6.901819526,0.000000000,-1.000000000,0.000000000
375,51,-12.100000000,-0.000000000,0.070274134,-0.000000000,6.951819526,0.000000000,-1.000000000,0.000000000
376,51,-12.050000000,-0.000000000,0.070275155,-0.000000000,7.001819526,0.000000000,-1.000000000,0.000000000
377,51,-12.000000000,-0.000000000,0.070276175,-0.000000000,7.051819526,0.000000000,-1.000000000,0.000000000
378,52,-13.600000000,-0.000000000,0.070243515,-0.000000000,5.451819526,0.000000000,-1.000000000,0.000000000
379,52,-13.550000000,-0.000000000,0.070244535,-0.000000000,5.501819526,0.000000000,-1.000000000,0.000000000
380,52,-13.500000000,-0.000000000,0.070245556,-0.000000000,5.551819526,0.000000000,-1.000000000,0.000000000
381,52,-13.450000000,-0.000000000,0.070246576,-0.000000000,5.601819526,0.000000000,-1.000000000,0.000000000
382,52,-13.400000000,-0.000000000,0.070247597,-0.000000000,5.651819526,0.000000000,-1.000000000,0.000000000
383,52,-13.350000000,-0.000000000,0.070248618,-0.000000000,5.701819526,0.000000000,-1.000000000,0.000000000
384,53,-14.450000000,-0.000000000,0.070226164,-0.000000000,4.601819526,0.000000000,-1.000000000,0.000000000
385,53,-14.400000000,-0.000000000,0.070227184,-0.000000000,4.651819526,0.000000000,-1.000000000,0.000000000
386,53,-14.350000000,-0.000000000,0.070228205,-0.000000000,4.701819526,0.000000000,-1.000000000,0.000000000
387,53,-14.300000000,-0.000000000,0.070229226,-0.000000000,4.751819526,0.000000000,-1.000000000,0.000000000
388,53,-14.250000000,-0.000000000,0.070230246,-0.000000000,4.801819526,0.000000000,-1.000000000,0.000000000
389,53,-14.200000000,-0.000000000,0.070231267,-0.000000000,4.851819526,0.000000000,-1.000000000,0.000000000
390,53,-14.150000000,-0.000000000,0.070232287,-0.000000000,4.901819526,0.000000000,-1.000000000,0.000000000
391,53,-14.100000000,-0.000000000,0.070233308,-0.000000000,4.951819526,0.000000000,-1.000000000,0.000000000
392,53,-14.050000000,-0.000000000,0.070234329,-0.000000000,5.001819526,0.000000000,-1.000000000,0.000000000
393,53,-14.000000000,-0.000000000,0.070235349,-0.000000000,5.051819526,0.000000000,-1.000000000,0.000000000
394,53,-13.950000000,-0.000000000,0.070236370,-0.000000000,5.101819526,0.000000000,-1.000000000,0.000000000
395,53,-13.900000000,-0.000000000,0.070237391,-0.000000000,5.151819526,0.000000000,-1.000000000,0.000000000
396,53,-13.850000000,-0.000000000,0.070238411,-0.000000000,5.201819526,0.000000000,-1.000000000,0.000000000
397,53,-13.800000000,-0.000000000,0.070239432,-0.000000000,5.251819526,0.000000000,-1.000000000,0.000000000
398,54,-15.400000000,-0.000000000,0.070206771,-0.000000000,3.651819526,0.000000000,-1.000000000,0.000000000
399,54,-15.350000000,-0.000000000,0.070207792,-0.000000000,3.701819526,0.000000000,-1.000000000,0.000000000
400,54,-15.300000000,-0.000000000,0.070208813,-0.000000000,3.751819526,0.000000000,-1.000000000,0.000000000
401,54,-15.250000000,-0.000000000,0.070209833,-0.000000000,3.801819526,0.000000000,-1.000000000,0.000000000
402,54,-15.200000000,-0.000000000,0.070210854,-0.000000000,3.851819526,0.000000000,-1.000000000,0.000000000
403,54,-15.150000000,-0.000000000,0.070211875,-0.000000000,3.901819526,0.000000000,-1.000000000,0.000000000
404,54,-15.100000000,-0.000000000,0.070212895,-0.000000000,3.951819526,0.000000000,-1.000000000,0.000000000
405,54,-15.050000000,-0.000000000,0.070213916,-0.000000000,4.001819526,0.000000000,-1.000000000,0.000000000
406,54,-15.000000000,-0.000000000,0.070214936,-0.000000000,4.051819526,0.000000000,-1.000000000,0.000000000
407,54,-14.950000000,-0.000000000,0.070215957,-0.000000000,4.101819526,0.000000000,-1.000000000,0.000000000
408,54,-14.900000000,-0.000000000,0.070216978,-0.000000000,4.151819526,0.000000000,-1.000000000,0.000000000
409,54,-14.850000000,-0.000000000,0.070217998,-0.000000000,4.201819526,0.000000000,-1.000000000,0.000000000
410,54,-14.800000000,-0.000000000,0.070219019,-0.000000000,4.251819526,0.000000000,-1.000000000,0.000000000
411,54,-14.750000000,-0.000000000,0.070220040,-0.000000000,4.301819526,0.000000000,-1.000000000,0.000000000
412,54,-14.700000000,-0.000000000,0.070221060,-0.000000000,4.351819526,0.000000000,-1.000000000,0.000000000
413,55,-15.900000000,-0.000000000,0.070196565,-0.000000000,3.151819526,0.000000000,-1.000000000,0.000000000
414,55,-15.850000000,-0.000000000,0.070197585,-0.000000000,3.201819526,0.000000000,-1.000000000,0.000000000
415,55,-15.800000000,-0.000000000,0.070198606,-0.000000000,3.251819526,0.000000000,-1.000000000,0.000000000
416,55,-15.750000000,-0.000000000,0.070199627,-0.000000000,3.301819526,0.000000000,-1.000000000,0.000000000
417,55,-15.700000000,-0.000000000,0.070200647,-0.000000000,3.351819526,0.000000000,-1.000000000,0.000000000
418,55,-15.650000000,-0.000000000,0.070201668,-0.000000000,3.401819526,0.000000000,-1.000000000,0.000000000
419,55,-15.600000000,-0.000000000,0.070202689,-0.000000000,3.451819526,0.000000000,-1.000000000,0.000000000
420,56,-16.300000000,-0.000000000,0.070188400,-0.000000000,2.751819527,0.000000000,-1.000000000,0.000000000
421,56,-16.250000000,-0.000000000,0.070189420,-0.000000000,2.801819527,0.000000000,-1.000000000,0.000000000
422,57,-17.200000000,-0.000000000,0.070170028,-0.000000000,1.851819527,0.000000000,-1.000000000,0.000000000
423,57,-17.150000000,-0.000000000,0.070171049,-0.000000000,1.901819527,0.000000000,-1.000000000,0.000000000
424,57,-17.100000000,-0.000000000,0.070172069,-0.000000000,1.951819527,0.000000000,-1.000000000,0.000000000
425,57,-17.050000000,-0.000000000,0.070173090,-0.000000000,2.001819527,0.000000000,-1.000000000,0.000000000
426,57,-17.000000000,-0.000000000,0.070174111,-0.000000000,2.051819527,0.000000000,-1.000000000,0.000000000
427,57,-16.950000000,-0.000000000,0.070175131,-0.000000000,2.101819527,0.000000000,-1.000000000,0.000000000
428,57,-16.900000000,-0.000000000,0.070176152,-0.000000000,2.151819527,0.000000000,-1.000000000,0.000000000
429,57,-16.850000000,-0.000000000,0.070177173,-0.000000000,2.201819527,0.000000000,-1.000000000,0.000000000
430,57,-16.800000000,-0.000000000,0.070178193,-0.000000000,2.251819527,0.000000000,-1.000000000,0.000000000
431,57,-16.750000000,-0.000000000,0.070179214,-0.000000000,2.301819527,0.000000000,-1.000000000,0.000000000
432,57,-16.700000000,-0.000000000,0.070180234,-0.000000000,2.351819527,0.000000000,-1.000000000,0.000000000
433,57,-16.650000000,-0.000000000,0.070181255,-0.000000000,2.401819527,0.000000000,-1.000000000,0.000000000
434,57,-16.600000000,-0.000000000,0.070182276,-0.000000000,2.451819527,0.000000000,-1.000000000,0.000000000
435,57,-16.550000000,-0.000000000,0.070183296,-0.000000000,2.501819527,0.000000000,-1.000000000,0.000000000
436,57,-16.500000000,-0.000000000,0.070184317,-0.000000000,2.551819527,0.000000000,-1.000000000,0.000000000
437,58,-17.450000000,-0.000000000,0.070164925,-0.000000000,1.601819527,0.000000000,-1.000000000,0.000000000
438,58,-17.400000000,-0.000000000,0.070165945,-0.000000000,1.651819527,0.000000000,-1.000000000,0.000000000
439,59,-17.900000000,-0.000000000,0.070155739,-0.000000000,1.151819527,0.000000000,-1.000000000,0.000000000
440,59,-17.850000000,-0.000000000,0.070156760,-0.000000000,1.201819527,0.000000000,-1.000000000,0.000000000
441,59,-17.800000000,-0.000000000,0.070157780,-0.000000000,1.251819527,0.000000000,-1.000000000,0.000000000
442,59,-17.750000000,-0.000000000,0.070158801,-0.000000000,1.301819527,0.000000000,-1.000000000,0.000000000
443,59,-17.700000000,-0.000000000,0.070159822,-0.000000000,1.351819527,0.000000000,-1.000000000,0.000000000
444,59,-17.650000000,-0.000000000,0.070160842,-0.000000000,1.401819527,0.000000000,-1.000000000,0.000000000
445,60,-18.950000000,-0.000000000,0.070134305,-0.000000000,0.101819527,0.000000000,-1.000000000,0.000000000
446,60,-18.900000000,-0.000000000,0.070135326,-0.000000000,0.151819527,0.000000000,-1.000000000,0.000000000
447,60,-18.850000000,-0.000000000,0.070136347,-0.000000000,0.201819527,0.000000000,-1.000000000,0.000000000
448,60,-18.800000000,-0.000000000,0.070137367,-0.000000000,0.251819527,0.000000000,-1.000000000,0.000000000
