segment_id,s_m,x_m,y_m,z_m,yaw_rad,vertical_progress_m,position_error_m,normal_error_deg,failure_reason
0,0.17000000000157175,-0.0017035460344529036,0.06999995979742638,37.854998774802745,0.0,37.779722091646796,inf,inf,GEOMETRICALLY_UNREACHABLE
0,0.0,-0.001688124994825987,0.06999995979854666,37.68499877550061,0.0,37.60972209234466,inf,inf,GEOMETRICALLY_UNREACHABLE
1,0.14000000000128476,-0.0016731107036605853,0.06999995979963738,37.51948273057811,0.0,37.44420604742216,inf,inf,GEOMETRICALLY_UNREACHABLE
1,0.0,-0.0016604110239678306,0.06999995980055995,37.379482731152834,0.0,37.304206047996885,inf,inf,GEOMETRICALLY_UNREACHABLE
2,0.5400000000049803,-0.0016467739134942184,0.06999995980155063,37.22914858850847,0.0,37.153871905352524,inf,inf,GEOMETRICALLY_UNREACHABLE
2,0.5,-0.0016431454335815842,0.06999995980181423,37.18914858866806,0.0,37.11387190551211,inf,inf,GEOMETRICALLY_UNREACHABLE
2,0.25,-0.001620467434130446,0.06999995980346169,36.93914858969665,0.0,36.8638719065407,inf,inf,GEOMETRICALLY_UNREACHABLE
2,0.0,-0.0015977894346793072,0.06999995980510915,36.68914859072523,0.0,36.61387190756928,inf,inf,GEOMETRICALLY_UNREACHABLE
3,0.020000000000186577,-0.0015805846016942273,0.069999959806359,36.499484231757386,0.0,36.42420754860144,inf,inf,GEOMETRICALLY_UNREACHABLE
3,0.0,-0.0015787703617381197,0.06999995980649079,36.479484231839486,0.0,36.40420754868354,inf,inf,GEOMETRICALLY_UNREACHABLE
4,0.650000000005992,-0.001564847492987427,0.06999995980750223,36.325999918514064,0.0,36.250723235358116,inf,inf,GEOMETRICALLY_UNREACHABLE
4,0.5,-0.0015512406933162004,0.06999995980849072,36.175999919125225,0.0,36.10072323596928,inf,inf,GEOMETRICALLY_UNREACHABLE
4,0.25,-0.0015285626938650618,0.06999995981013818,35.92599992015381,0.0,35.85072323699786,inf,inf,GEOMETRICALLY_UNREACHABLE
4,0.0,-0.001505884694413923,0.06999995981178564,35.67599992118239,0.0,35.60072323802644,inf,inf,GEOMETRICALLY_UNREACHABLE
5,0.11000000000101909,-0.0014828436450208457,0.06999995981345947,35.42199769594288,0.0,35.34672101278693,inf,inf,GEOMETRICALLY_UNREACHABLE
5,0.0,-0.0014728653252622525,0.06999995981418436,35.311997696394435,0.0,35.23672101323849,inf,inf,GEOMETRICALLY_UNREACHABLE
6,0.7100000000064237,-0.0013982534179075696,0.06999995981960459,34.48948348820269,0.0,34.41420680504674,inf,inf,GEOMETRICALLY_UNREACHABLE
6,0.5,-0.0013792038983680306,0.06999995982098846,34.27948348906027,0.0,34.20420680590432,inf,inf,GEOMETRICALLY_UNREACHABLE
6,0.25,-0.001356525898916892,0.06999995982263592,34.02948349008885,0.0,33.9542068069329,inf,inf,GEOMETRICALLY_UNREACHABLE
6,0.0,-0.0013338478994657536,0.06999995982428338,33.77948349111744,0.0,33.70420680796149,inf,inf,GEOMETRICALLY_UNREACHABLE
7,0.6200000000056127,-0.0013084484741661554,0.06999995982612854,33.49948276563655,0.0,33.4242060824806,inf,inf,GEOMETRICALLY_UNREACHABLE
7,0.5,-0.0012975630344290994,0.06999995982691931,33.37948276612466,0.0,33.30420608296871,inf,inf,GEOMETRICALLY_UNREACHABLE
7,0.25,-0.0012748850349779614,0.06999995982856679,33.12948276715324,0.0,33.05420608399729,inf,inf,GEOMETRICALLY_UNREACHABLE
7,0.0,-0.001252207035526823,0.06999995983021423,32.87948276818182,0.0,32.804206085025875,inf,inf,GEOMETRICALLY_UNREACHABLE
8,0.060000000000538414,-0.0012380121217286657,0.06999995983124543,32.72299945744779,0.0,32.64772277429184,inf,inf,GEOMETRICALLY_UNREACHABLE
8,0.0,-0.0012325694018603432,0.06999995983164083,32.66299945769411,0.0,32.587722774538165,inf,inf,GEOMETRICALLY_UNREACHABLE
9,0.5100000000046081,-0.0012168292680296649,0.06999995983278429,32.48948179578756,0.0,32.41420511263161,inf,inf,GEOMETRICALLY_UNREACHABLE
9,0.5,-0.0012159221480512008,0.06999995983285019,32.47948179582409,0.0,32.404205112668144,inf,inf,GEOMETRICALLY_UNREACHABLE
9,0.25,-0.0011932441486000621,0.06999995983449764,32.22948179685268,0.0,32.15420511369673,inf,inf,GEOMETRICALLY_UNREACHABLE
9,0.0,-0.0011705661491489235,0.06999995983614513,31.979481797881263,0.0,31.904205114725315,inf,inf,GEOMETRICALLY_UNREACHABLE
10,0.17000000000153978,-0.0011569156223651459,0.06999995983713678,31.828999755174785,0.0,31.753723072018836,inf,inf,GEOMETRICALLY_UNREACHABLE
10,0.0,-0.0011414945827382323,0.06999995983825705,31.65899975587268,0.0,31.583723072716733,inf,inf,GEOMETRICALLY_UNREACHABLE
11,0.12000000000108396,-0.0011263456196934092,0.06999995983935756,31.49199910161375,0.0,31.416722418457802,inf,inf,GEOMETRICALLY_UNREACHABLE
11,0.0,-0.001115460179956764,0.06999995984014833,31.371999102106386,0.0,31.296722418950438,inf,inf,GEOMETRICALLY_UNREACHABLE
12,0.060760680014204746,-0.0010635778905159392,0.06999995984391737,30.800053929659096,0.0,30.724777246503148,inf,inf,GEOMETRICALLY_UNREACHABLE
12,0.0,-0.0010581348804254878,0.0660260579921507,30.74005391298413,0.0,30.664777229828182,inf,inf,GEOMETRICALLY_UNREACHABLE
13,0.2800000000025304,-0.0010326840695657803,0.06999995984616167,30.459483535766832,0.0,30.384206852610884,inf,inf,GEOMETRICALLY_UNREACHABLE
13,0.25,-0.001029962709631414,0.06999995984635936,30.429483535887734,0.0,30.354206852731785,inf,inf,GEOMETRICALLY_UNREACHABLE
13,0.0,-0.0010072847101802755,0.06999995984800683,30.179483536916315,0.0,30.104206853760367,inf,inf,GEOMETRICALLY_UNREACHABLE
14,0.5000000000045219,-0.0009937122885292538,0.06999995984899281,30.029862517385656,0.0,29.954585834229707,inf,inf,GEOMETRICALLY_UNREACHABLE
14,0.5,-0.0009937122885288435,0.06999995984899281,30.029862517381137,0.0,29.95458583422519,inf,inf,GEOMETRICALLY_UNREACHABLE
14,0.25,-0.000971034289077705,0.06999995985064027,29.779862518409715,0.0,29.704585835253766,inf,inf,GEOMETRICALLY_UNREACHABLE
14,0.0,-0.0009483562896265665,0.06999995985228773,29.5298625194383,0.0,29.45458583628235,inf,inf,GEOMETRICALLY_UNREACHABLE
15,0.0700000000006317,-0.0009319937869423308,0.06999995985347637,29.349483925504465,0.0,29.274207242348517,inf,inf,GEOMETRICALLY_UNREACHABLE
15,0.0,-0.0009256439470959546,0.06999995985393767,29.279483925791837,0.0,29.20420724263589,inf,inf,GEOMETRICALLY_UNREACHABLE
16,0.6906725718628112,-0.0009119687505967827,0.06999995985493111,29.12872992660893,0.0,29.05345324345298,inf,inf,GEOMETRICALLY_UNREACHABLE
16,0.5,-0.0008946724606765747,0.06999995985618761,28.938057355530606,0.0,28.862780672374658,inf,inf,GEOMETRICALLY_UNREACHABLE
16,0.25,-0.0008719944612254362,0.0699999598578351,28.68805735655919,0.0,28.612780673403243,inf,inf,GEOMETRICALLY_UNREACHABLE
16,0.0,-0.0008493771997939027,0.06627122381535805,28.438729913564238,0.0,28.36345323040829,inf,inf,GEOMETRICALLY_UNREACHABLE
17,0.7300000000065996,-0.0008285819577319362,0.06999995986098882,28.20948225772362,0.0,28.134205574567673,inf,inf,GEOMETRICALLY_UNREACHABLE
17,0.5,-0.0008077181982362898,0.06999995986250447,27.97948225866332,0.0,27.904205575507373,inf,inf,GEOMETRICALLY_UNREACHABLE
17,0.25,-0.0007850401987851511,0.06999995986415193,27.729482259691903,0.0,27.654205576535954,inf,inf,GEOMETRICALLY_UNREACHABLE
17,0.0,-0.0007623621993340126,0.06999995986579939,27.479482260720484,0.0,27.404205577564536,inf,inf,GEOMETRICALLY_UNREACHABLE
18,0.06000000000054197,-0.000748348867558428,0.06999995986681741,27.325000692051677,0.0,27.24972400889573,inf,inf,GEOMETRICALLY_UNREACHABLE
18,0.0,-0.0007429061476901055,0.0699999598672128,27.265000692297995,0.0,27.189724009142047,inf,inf,GEOMETRICALLY_UNREACHABLE
19,0.22000000000199205,-0.0007272128310329392,0.06999995986835285,27.09199913823222,0.0,27.016722455076273,inf,inf,GEOMETRICALLY_UNREACHABLE
19,0.0,-0.0007072561915157568,0.06999995986980262,26.871999139135383,0.0,26.796722455979435,inf,inf,GEOMETRICALLY_UNREACHABLE
20,0.26000000000235096,-0.0006226658411686654,0.06999995987594776,25.939483572877936,0.0,25.864206889721988,inf,inf,GEOMETRICALLY_UNREACHABLE
20,0.25,-0.0006217587211904066,0.06999995987601366,25.92948357291673,0.0,25.854206889760782,inf,inf,GEOMETRICALLY_UNREACHABLE
20,0.0,-0.000599080721739268,0.06999995987766111,25.679483573945312,0.0,25.604206890789364,inf,inf,GEOMETRICALLY_UNREACHABLE
21,0.7100000000064202,-0.000585248700572479,0.06999995987866595,25.527000755303376,0.0,25.451724072147428,inf,inf,GEOMETRICALLY_UNREACHABLE
21,0.5,-0.0005661991810329402,0.06999995988004983,25.317000756160965,0.0,25.241724073005017,inf,inf,GEOMETRICALLY_UNREACHABLE
21,0.25,-0.0005435211815818014,0.06999995988169727,25.06700075718955,0.0,24.991724074033602,inf,inf,GEOMETRICALLY_UNREACHABLE
21,0.0,-0.0005208431821306629,0.06999995988334473,24.817000758218132,0.0,24.741724075062184,inf,inf,GEOMETRICALLY_UNREACHABLE
22,0.7500000000067826,-0.0005038331939246579,0.06999995988458044,24.629484348617392,0.0,24.554207665461444,inf,inf,GEOMETRICALLY_UNREACHABLE
22,0.75,-0.0005038331939240426,0.06999995988458044,24.62948434861061,0.0,24.554207665454662,inf,inf,GEOMETRICALLY_UNREACHABLE
22,0.5,-0.00048115519447290407,0.06999995988622791,24.379484349639192,0.0,24.304207666483244,inf,inf,GEOMETRICALLY_UNREACHABLE
22,0.25,-0.00045847719502176544,0.06999995988787537,24.129484350667774,0.0,24.054207667511825,inf,inf,GEOMETRICALLY_UNREACHABLE
22,0.0,-0.00043579919557062687,0.06999995988952283,23.87948435169636,0.0,23.80420766854041,inf,inf,GEOMETRICALLY_UNREACHABLE
23,0.1828615190034934,-0.0004222630522050813,0.06310993601350379,23.73026877816308,0.0,23.65499209500713,inf,inf,GEOMETRICALLY_UNREACHABLE
23,0.0,-0.00040593509214001346,0.06584216039768928,23.550268790536123,0.0,23.474992107380174,inf,inf,GEOMETRICALLY_UNREACHABLE
24,0.33000000000298607,-0.00038409317016877855,0.06999995989327905,23.309482296394734,0.0,23.234205613238785,inf,inf,GEOMETRICALLY_UNREACHABLE
24,0.25,-0.00037683621034414344,0.06999995989380624,23.229482296720896,0.0,23.154205613564947,inf,inf,GEOMETRICALLY_UNREACHABLE
24,0.0,-0.0003541582108930049,0.0699999598954537,22.979482297749477,0.0,22.90420561459353,inf,inf,GEOMETRICALLY_UNREACHABLE
25,0.640000000005785,-0.00033978189154495976,0.06999995989649808,22.820999190367463,0.0,22.745722507211514,inf,inf,GEOMETRICALLY_UNREACHABLE
25,0.5,-0.0003270822118517971,0.06999995989742065,22.680999190937683,0.0,22.605722507781735,inf,inf,GEOMETRICALLY_UNREACHABLE
25,0.25,-0.00030440421240065846,0.06999995989906811,22.43099919196627,0.0,22.35572250881032,inf,inf,GEOMETRICALLY_UNREACHABLE
25,0.0,-0.0002817262129495199,0.06999995990071559,22.18099919299485,0.0,22.105722509838902,inf,inf,GEOMETRICALLY_UNREACHABLE
26,0.3300000000029825,-0.0002582319150865008,0.06999995990242235,21.922000401931115,0.0,21.846723718775166,inf,inf,GEOMETRICALLY_UNREACHABLE
26,0.25,-0.0002509749552618657,0.06999995990294954,21.84200040225728,0.0,21.766723719101332,inf,inf,GEOMETRICALLY_UNREACHABLE
26,0.0,-0.00022829695581072713,0.06999995990459698,21.592000403285862,0.0,21.516723720129914,inf,inf,GEOMETRICALLY_UNREACHABLE
27,0.3800000000034453,-0.00014370652937998327,0.06999995991074213,20.659483998289833,0.0,20.584207315133884,inf,inf,GEOMETRICALLY_UNREACHABLE
27,0.25,-0.00013191396966507853,0.06999995991159881,20.529483998821252,0.0,20.454207315665304,inf,inf,GEOMETRICALLY_UNREACHABLE
27,0.0,-0.00010923597021394009,0.06999995991324627,20.279483999849834,0.0,20.204207316693886,inf,inf,GEOMETRICALLY_UNREACHABLE
28,0.7100000000064379,-9.549461121499575e-05,0.06999995991424451,20.12800063188329,0.0,20.05272394872734,inf,inf,GEOMETRICALLY_UNREACHABLE
28,0.5,-7.644509167545547e-05,0.06999995991562838,19.918000632740863,0.0,19.842723949584915,inf,inf,GEOMETRICALLY_UNREACHABLE
28,0.25,-5.3767092224316646e-05,0.06999995991727584,19.668000633769445,0.0,19.592723950613497,inf,inf,GEOMETRICALLY_UNREACHABLE
28,0.0,-3.1089092773178225e-05,0.06999995991892331,19.418000634798027,0.0,19.34272395164208,inf,inf,GEOMETRICALLY_UNREACHABLE
29,0.7500000000068003,-1.3988182179934265e-05,0.06999995992016561,19.22948190588931,0.0,19.15420522273336,inf,inf,GEOMETRICALLY_UNREACHABLE
29,0.75,-1.3988182179317392e-05,0.06999995992016561,19.22948190588251,0.0,19.15420522272656,inf,inf,GEOMETRICALLY_UNREACHABLE
29,0.5,8.689817271821093e-06,0.06999995992181308,18.97948190691109,0.0,18.90420522375514,inf,inf,GEOMETRICALLY_UNREACHABLE
29,0.25,3.13678167229599e-05,0.06999995992346053,18.729481907939675,0.0,18.654205224783727,inf,inf,GEOMETRICALLY_UNREACHABLE
29,0.0,5.4045816174098326e-05,0.069999959925108,18.479481908968257,0.0,18.40420522581231,inf,inf,GEOMETRICALLY_UNREACHABLE
30,0.3007501482395486,6.803546895850631e-05,0.06999995992612429,18.325261375131138,0.0,18.24998469197519,inf,inf,GEOMETRICALLY_UNREACHABLE
30,0.25,7.263911629419317e-05,0.06999995992645873,18.27451122710039,0.0,18.199234543944442,inf,inf,GEOMETRICALLY_UNREACHABLE
30,0.0,9.524935643301756e-05,0.06605466511981815,18.02526135956325,0.0,17.9499846764073,inf,inf,GEOMETRICALLY_UNREACHABLE
31,0.2100000000019023,0.0001166369725192968,0.06999995992965498,17.78948325826568,0.0,17.71420657510973,inf,inf,GEOMETRICALLY_UNREACHABLE
31,0.0,0.00013568649205842592,0.06999995993103884,17.579483259127787,0.0,17.50420657597184,inf,inf,GEOMETRICALLY_UNREACHABLE
32,0.7500000000067826,0.00014929325678871556,0.06999995993202732,17.429483644924343,0.0,17.354206961768394,inf,inf,GEOMETRICALLY_UNREACHABLE
32,0.75,0.00014929325678933084,0.06999995993202732,17.42948364491756,0.0,17.354206961761612,inf,inf,GEOMETRICALLY_UNREACHABLE
32,0.5,0.00017197125624046945,0.06999995993367478,17.179483645946142,0.0,17.104206962790194,inf,inf,GEOMETRICALLY_UNREACHABLE
32,0.25,0.00019464925569160808,0.06999995993532224,16.929483646974727,0.0,16.85420696381878,inf,inf,GEOMETRICALLY_UNREACHABLE
32,0.0,0.00021732725514274663,0.0699999599369697,16.67948364800331,0.0,16.60420696484736,inf,inf,GEOMETRICALLY_UNREACHABLE
33,0.34000000000307934,0.0002461268494545787,0.06999995993906187,16.361999799225206,0.0,16.286723116069258,inf,inf,GEOMETRICALLY_UNREACHABLE
33,0.25,0.0002542909292572675,0.06999995993965495,16.271999799592418,0.0,16.19672311643647,inf,inf,GEOMETRICALLY_UNREACHABLE
33,0.0,0.0002769689287084061,0.06999995994130241,16.021999800621,0.0,15.946723117465053,inf,inf,GEOMETRICALLY_UNREACHABLE
34,0.09068136116972511,0.00034665778566773394,0.06999995994636501,15.253756807861054,0.0,15.178480124705107,inf,inf,GEOMETRICALLY_UNREACHABLE
34,0.0,0.0003548221396192451,0.06624614099319077,15.163756792246383,0.0,15.088480109090437,inf,inf,GEOMETRICALLY_UNREACHABLE
35,0.7500000000067808,0.0003942156761741313,0.06999995994981989,14.729483376983747,0.0,14.6542066938278,inf,inf,GEOMETRICALLY_UNREACHABLE
35,0.75,0.0003942156761747464,0.06999995994981989,14.729483376976967,0.0,14.65420669382102,inf,inf,GEOMETRICALLY_UNREACHABLE
35,0.5,0.00041689367562588504,0.06999995995146735,14.479483378005549,0.0,14.404206694849602,inf,inf,GEOMETRICALLY_UNREACHABLE
35,0.25,0.0004395716750770236,0.06999995995311481,14.229483379034132,0.0,14.154206695878186,inf,inf,GEOMETRICALLY_UNREACHABLE
35,0.0,0.00046224967452816236,0.06999995995476227,13.979483380062716,0.0,13.904206696906769,inf,inf,GEOMETRICALLY_UNREACHABLE
36,0.2300000000020818,0.00047590028293100753,0.06999995995575392,13.829000437595797,0.0,13.75372375443985,inf,inf,GEOMETRICALLY_UNREACHABLE
36,0.0,0.0004967640424262437,0.0699999599572696,13.599000438540012,0.0,13.523723755384065,inf,inf,GEOMETRICALLY_UNREACHABLE
37,0.3500000000031655,0.0005121411947578501,0.06999995995838669,13.42948424839424,0.0,13.354207565238294,inf,inf,GEOMETRICALLY_UNREACHABLE
37,0.25,0.0005212123945385927,0.06999995995904566,13.329484248802508,0.0,13.254207565646562,inf,inf,GEOMETRICALLY_UNREACHABLE
37,0.0,0.0005438903939897312,0.06999995996069314,13.079484249831092,0.0,13.004207566675145,inf,inf,GEOMETRICALLY_UNREACHABLE
38,0.7500000000067808,0.0005574972888524745,0.06999995996168161,12.929483201060487,0.0,12.85420651790454,inf,inf,GEOMETRICALLY_UNREACHABLE
38,0.75,0.0005574972888530896,0.06999995996168161,12.929483201053706,0.0,12.85420651789776,inf,inf,GEOMETRICALLY_UNREACHABLE
38,0.5,0.0005801752883042283,0.06999995996332908,12.679483202082288,0.0,12.604206518926341,inf,inf,GEOMETRICALLY_UNREACHABLE
38,0.25,0.000602853287755367,0.06999995996497653,12.429483203110872,0.0,12.354206519954925,inf,inf,GEOMETRICALLY_UNREACHABLE
38,0.0,0.0006255312872065056,0.06999995996662399,12.179483204139455,0.0,12.104206520983508,inf,inf,GEOMETRICALLY_UNREACHABLE
39,0.6200000000056074,0.0006509305680287422,0.06999995996846915,11.899484071362552,0.0,11.824207388206606,inf,inf,GEOMETRICALLY_UNREACHABLE
39,0.5,0.0006618160077657974,0.06999995996925992,11.779484071850664,0.0,11.704207388694718,inf,inf,GEOMETRICALLY_UNREACHABLE
39,0.25,0.0006844940072169359,0.0699999599709074,11.529484072879248,0.0,11.454207389723301,inf,inf,GEOMETRICALLY_UNREACHABLE
39,0.0,0.0007071720066680746,0.06999995997255484,11.279484073907831,0.0,11.204207390751884,inf,inf,GEOMETRICALLY_UNREACHABLE
40,0.5400000000048844,0.0007210041074873759,0.06999995997355969,11.127000377184563,0.0,11.051723694028617,inf,inf,GEOMETRICALLY_UNREACHABLE
40,0.5,0.000724632587400001,0.06999995997382329,11.087000377344252,0.0,11.011723694188305,inf,inf,GEOMETRICALLY_UNREACHABLE
40,0.25,0.0007473105868511397,0.06999995997547075,10.837000378372835,0.0,10.761723695216888,inf,inf,GEOMETRICALLY_UNREACHABLE
40,0.0,0.0007699885863022783,0.0699999599771182,10.587000379401418,0.0,10.511723696245472,inf,inf,GEOMETRICALLY_UNREACHABLE
41,0.040000000000362496,0.0007851844012953794,0.06999995997822213,10.419483233948167,0.0,10.34420655079222,inf,inf,GEOMETRICALLY_UNREACHABLE
41,0.0,0.0007888128812075945,0.06999995997848572,10.379483234112378,0.0,10.304206550956431,inf,inf,GEOMETRICALLY_UNREACHABLE
42,0.40000000000361763,0.0008030984963585925,0.06999995997952352,10.22200004073148,0.0,10.146723357575533,inf,inf,GEOMETRICALLY_UNREACHABLE
42,0.25,0.0008167052960296039,0.06999995998051199,10.072000041345012,0.0,9.996723358189065,inf,inf,GEOMETRICALLY_UNREACHABLE
42,0.0,0.0008393832954807425,0.06999995998215945,9.822000042373595,0.0,9.746723359217649,inf,inf,GEOMETRICALLY_UNREACHABLE
43,0.30000000000271515,0.000924880783089126,0.06999995998837046,8.879484285628507,0.0,8.80420760247256,inf,inf,GEOMETRICALLY_UNREACHABLE
43,0.25,0.0009294163829795997,0.06999995998869994,8.829484285831509,0.0,8.754207602675562,inf,inf,GEOMETRICALLY_UNREACHABLE
43,0.0,0.0009520943824307383,0.06999995999034742,8.579484286860092,0.0,8.504207603704145,inf,inf,GEOMETRICALLY_UNREACHABLE
44,0.7500000000067808,0.0009657011471610278,0.06999995999133589,8.429484672656649,0.0,8.354207989500702,inf,inf,GEOMETRICALLY_UNREACHABLE
44,0.75,0.0009657011471616429,0.06999995999133589,8.429484672649869,0.0,8.354207989493922,inf,inf,GEOMETRICALLY_UNREACHABLE
44,0.5,0.0009883791466127818,0.06999995999298333,8.17948467367845,0.0,8.104207990522504,inf,inf,GEOMETRICALLY_UNREACHABLE
44,0.25,0.0010110571460639204,0.06999995999463081,7.929484674707034,0.0,7.854207991551086,inf,inf,GEOMETRICALLY_UNREACHABLE
44,0.0,0.0010337351455150588,0.06999995999627828,7.679484675735617,0.0,7.60420799257967,inf,inf,GEOMETRICALLY_UNREACHABLE
45,0.6500000000058774,0.0010564133702452834,0.06999995999792576,7.429482193310077,0.0,7.35420551015413,inf,inf,GEOMETRICALLY_UNREACHABLE
45,0.5,0.0010700201699164996,0.06999995999891424,7.27948219392135,0.0,7.204205510765402,inf,inf,GEOMETRICALLY_UNREACHABLE
45,0.25,0.0010926981693676384,0.06999996000056169,7.029482194949932,0.0,6.954205511793985,inf,inf,GEOMETRICALLY_UNREACHABLE
45,0.0,0.0011153761688187768,0.06999996000220916,6.779482195978516,0.0,6.704205512822568,inf,inf,GEOMETRICALLY_UNREACHABLE
46,0.4202611641154378,0.001129416398691182,0.06999996000322913,6.624704105379193,0.0,6.549427422223245,inf,inf,GEOMETRICALLY_UNREACHABLE
46,0.25,0.0011448611290366226,0.06999996000435112,6.454442941964266,0.0,6.3791662588083184,inf,inf,GEOMETRICALLY_UNREACHABLE
46,0.0,0.0011675156057636416,0.06769967892984421,6.204704097308582,0.0,6.129427414152635,inf,inf,GEOMETRICALLY_UNREACHABLE
47,0.7500000000067826,0.0012106236094333942,0.06999996000912848,5.729483931934601,0.0,5.654207248778653,inf,inf,GEOMETRICALLY_UNREACHABLE
47,0.75,0.0012106236094340096,0.06999996000912848,5.729483931927819,0.0,5.654207248771871,inf,inf,GEOMETRICALLY_UNREACHABLE
47,0.5,0.0012333016088851483,0.06999996001077595,5.479483932956401,0.0,5.404207249800454,inf,inf,GEOMETRICALLY_UNREACHABLE
47,0.25,0.0012559796083362867,0.0699999600124234,5.229483933984984,0.0,5.154207250829036,inf,inf,GEOMETRICALLY_UNREACHABLE
47,0.0,0.0012786576077874253,0.06999996001407087,4.979483935013567,0.0,4.90420725185762,inf,inf,GEOMETRICALLY_UNREACHABLE
48,0.24000000000216887,0.001292852513107774,0.06999996001510207,4.823000717738052,0.0,4.747724034582104,inf,inf,GEOMETRICALLY_UNREACHABLE
48,0.0,0.0013146233925810638,0.06999996001668363,4.583000718723323,0.0,4.507724035567375,inf,inf,GEOMETRICALLY_UNREACHABLE
49,0.3300000000029834,0.001330363411595972,0.06999996001782707,4.409484322534347,0.0,4.334207639378399,inf,inf,GEOMETRICALLY_UNREACHABLE
49,0.25,0.001337620371420607,0.06999996001835426,4.32948432286051,0.0,4.254207639704562,inf,inf,GEOMETRICALLY_UNREACHABLE
49,0.0,0.0013602983708717457,0.06999996002000171,4.079484323889093,0.0,4.004207640733146,inf,inf,GEOMETRICALLY_UNREACHABLE
50,0.7500000000067835,0.0013739051356020354,0.06999996002099018,3.9294847096856484,0.0,3.8542080265297014,inf,inf,GEOMETRICALLY_UNREACHABLE
50,0.75,0.0013739051356026508,0.06999996002099018,3.929484709678865,0.0,3.854208026522918,inf,inf,GEOMETRICALLY_UNREACHABLE
50,0.5,0.0013965831350537892,0.06999996002263766,3.679484710707448,0.0,3.604208027551501,inf,inf,GEOMETRICALLY_UNREACHABLE
50,0.25,0.0014192611345049278,0.0699999600242851,3.4294847117360305,0.0,3.3542080285800835,inf,inf,GEOMETRICALLY_UNREACHABLE
50,0.0,0.0014419391339560662,0.06999996002593256,3.179484712764614,0.0,3.104208029608667,inf,inf,GEOMETRICALLY_UNREACHABLE
51,0.5609248647421688,0.001472781955276449,0.06292378170950079,2.8394822005775633,0.0,2.7642055174216162,inf,inf,GEOMETRICALLY_UNREACHABLE
51,0.5,0.0014782241583575066,0.06999996002856852,2.7794822309503537,0.0,2.7042055477944067,inf,inf,GEOMETRICALLY_UNREACHABLE
51,0.25,0.0015009021578086452,0.06999996003021598,2.5294822319789367,0.0,2.4542055488229897,inf,inf,GEOMETRICALLY_UNREACHABLE
51,0.0,0.0015235801572597838,0.06999996003186344,2.27948223300752,0.0,2.204205549851573,inf,inf,GEOMETRICALLY_UNREACHABLE
52,0.5500000000050698,0.0015379564349875484,0.06999996003290782,2.120999584443318,0.0,2.045722901287371,inf,inf,GEOMETRICALLY_UNREACHABLE
52,0.5,0.0015424920348782363,0.06999996003323732,2.070999584643965,0.0,1.9957229014880178,inf,inf,GEOMETRICALLY_UNREACHABLE
52,0.25,0.0015651700343293745,0.06999996003488476,1.8209995856725476,0.0,1.7457229025166003,inf,inf,GEOMETRICALLY_UNREACHABLE
52,0.0,0.0015878480337805133,0.06999996003653224,1.570999586701131,0.0,1.4957229035451838,inf,inf,GEOMETRICALLY_UNREACHABLE
53,0.020000000000183246,0.0016034066912017093,0.06999996003766251,1.3994825025916517,0.0,1.3242058194357047,inf,inf,GEOMETRICALLY_UNREACHABLE
53,0.0,0.0016052209311578172,0.06999996003779431,1.3794825026737552,0.0,1.304205819517808,inf,inf,GEOMETRICALLY_UNREACHABLE
54,0.10000000000092357,0.0016195064668645897,0.06999996003883208,1.2220001850780553,0.0,1.146723501922108,inf,inf,GEOMETRICALLY_UNREACHABLE
54,0.0,0.0016285776666451288,0.06999996003949106,1.122000185488565,0.0,1.0467235023326178,inf,inf,GEOMETRICALLY_UNREACHABLE
55,0.18000000000166022,0.0017074970303726184,0.06999996004522423,0.2520010088325027,0.0,0.17672432567655555,0.000657417081272896,1.0389518669357816,SUCCESS
55,0.18000000000166022,0.0017074970303726184,0.06999996004522423,0.2520010088325027,0.39269908169872414,0.17672432567655555,0.000395502578128353,2.8157506462068405,SUCCESS
55,0.18000000000166022,0.0017074970303726184,0.06999996004522423,0.2520010088325027,0.7853981633974483,0.17672432567655555,0.00012660312343800977,0.7560916388208869,SUCCESS
55,0.18000000000166022,0.0017074970303726184,0.06999996004522423,0.2520010088325027,1.1780972450961724,0.17672432567655555,0.00034368716897796364,2.6942694204870867,SUCCESS
55,0.18000000000166022,0.0017074970303726184,0.06999996004522423,0.2520010088325027,1.5707963267948966,0.17672432567655555,0.00034618745856565493,2.410359459333387,SUCCESS
55,0.18000000000166022,0.0017074970303726184,0.06999996004522423,0.2520010088325027,1.9634954084936207,0.17672432567655555,9.480187482737109e-07,4.263169135940518,IK_NORMAL_ERROR
55,0.18000000000166022,0.0017074970303726184,0.06999996004522423,0.2520010088325027,2.356194490192345,0.17672432567655555,3.666593646256906e-09,4.670832258613053,IK_NORMAL_ERROR
55,0.18000000000166022,0.0017074970303726184,0.06999996004522423,0.2520010088325027,2.748893571891069,0.17672432567655555,4.90817696386844e-09,10.01970320934461,IK_NORMAL_ERROR
55,0.18000000000166022,0.0017074970303726184,0.06999996004522423,0.2520010088325027,3.141592653589793,0.17672432567655555,0.0007224030617924482,1.350904213735893,SUCCESS
55,0.18000000000166022,0.0017074970303726184,0.06999996004522423,0.2520010088325027,3.5342917352885173,0.17672432567655555,0.002589094872441001,1.5928539482937296,SUCCESS
55,0.18000000000166022,0.0017074970303726184,0.06999996004522423,0.2520010088325027,3.9269908169872414,0.17672432567655555,0.00047702271305835077,0.6906877238887316,SUCCESS
55,0.18000000000166022,0.0017074970303726184,0.06999996004522423,0.2520010088325027,4.319689898685965,0.17672432567655555,2.985420677640874e-06,10.410031820818217,IK_NORMAL_ERROR
55,0.18000000000166022,0.0017074970303726184,0.06999996004522423,0.2520010088325027,4.71238898038469,0.17672432567655555,0.0012712531473195012,2.8047466105372387,SUCCESS
55,0.18000000000166022,0.0017074970303726184,0.06999996004522423,0.2520010088325027,5.105088062083414,0.17672432567655555,0.0003824644959905688,2.6268320099736333,SUCCESS
55,0.18000000000166022,0.0017074970303726184,0.06999996004522423,0.2520010088325027,5.497787143782138,0.17672432567655555,0.0003992871088303903,2.8573164360276095,SUCCESS
55,0.18000000000166022,0.0017074970303726184,0.06999996004522423,0.2520010088325027,5.890486225480862,0.17672432567655555,0.0005268518071158401,2.9417459094758533,SUCCESS
55,0.0,0.0017238251899775888,0.06999996004641039,0.07200100957142253,0.0,-0.00327567358452463,inf,inf,NON_POSITIVE_VERTICAL_PROGRESS
55,0.18000000000166022,0.0017074970303726184,0.06999996004522423,0.2520010088325027,0.0,0.17672432971993604,0.0006885807580785161,1.0326732862683259,SUCCESS
55,0.18000000000166022,0.0017074970303726184,0.06999996004522423,0.2520010088325027,0.39269908169872414,0.17672432971993604,0.0004768183253515136,2.36672555052311,SUCCESS
55,0.18000000000166022,0.0017074970303726184,0.06999996004522423,0.2520010088325027,0.7853981633974483,0.17672432971993604,0.0001428027105856554,0.7494306841366989,SUCCESS
55,0.18000000000166022,0.0017074970303726184,0.06999996004522423,0.2520010088325027,1.1780972450961724,0.17672432971993604,0.0003380181239803918,2.690265961429388,SUCCESS
55,0.18000000000166022,0.0017074970303726184,0.06999996004522423,0.2520010088325027,1.5707963267948966,0.17672432971993604,0.00035854789490289665,2.4356052613615384,SUCCESS
55,0.18000000000166022,0.0017074970303726184,0.06999996004522423,0.2520010088325027,1.9634954084936207,0.17672432971993604,9.54121143067545e-07,4.265919429226123,IK_NORMAL_ERROR
55,0.18000000000166022,0.0017074970303726184,0.06999996004522423,0.2520010088325027,2.356194490192345,0.17672432971993604,2.567455450770577e-09,4.674828860073141,IK_NORMAL_ERROR
55,0.18000000000166022,0.0017074970303726184,0.06999996004522423,0.2520010088325027,2.748893571891069,0.17672432971993604,4.9846723366517205e-09,10.15699198504969,IK_NORMAL_ERROR
55,0.18000000000166022,0.0017074970303726184,0.06999996004522423,0.2520010088325027,3.141592653589793,0.17672432971993604,0.000724767980398694,1.3567020112054262,SUCCESS
55,0.18000000000166022,0.0017074970303726184,0.06999996004522423,0.2520010088325027,3.5342917352885173,0.17672432971993604,0.002560895696368272,1.6416338750523822,SUCCESS
55,0.18000000000166022,0.0017074970303726184,0.06999996004522423,0.2520010088325027,3.9269908169872414,0.17672432971993604,0.0004745542917660623,0.6853230771843171,SUCCESS
55,0.18000000000166022,0.0017074970303726184,0.06999996004522423,0.2520010088325027,4.319689898685965,0.17672432971993604,2.662564580452211e-06,10.40926784680289,IK_NORMAL_ERROR
55,0.18000000000166022,0.0017074970303726184,0.06999996004522423,0.2520010088325027,4.71238898038469,0.17672432971993604,0.0012782642153304055,2.811038479129197,SUCCESS
55,0.18000000000166022,0.0017074970303726184,0.06999996004522423,0.2520010088325027,5.105088062083414,0.17672432971993604,0.00038810217348609347,2.6404776929277967,SUCCESS
55,0.18000000000166022,0.0017074970303726184,0.06999996004522423,0.2520010088325027,5.497787143782138,0.17672432971993604,0.0003993362701687912,2.8584964660788597,SUCCESS
55,0.18000000000166022,0.0017074970303726184,0.06999996004522423,0.2520010088325027,5.890486225480862,0.17672432971993604,0.0005257387935575444,2.940995904546467,SUCCESS
55,0.125,0.0017124861902520195,0.06999996004558667,0.19700100905713086,0.0,0.1217243299445642,0.00044303987756616844,2.8722229406242596,SUCCESS
55,0.125,0.0017124861902520195,0.06999996004558667,0.19700100905713086,0.39269908169872414,0.1217243299445642,0.00036114832237562976,2.112301545827858,SUCCESS
55,0.125,0.0017124861902520195,0.06999996004558667,0.19700100905713086,0.7853981633974483,0.1217243299445642,0.00041516491296025214,2.6116193606745264,SUCCESS
55,0.125,0.0017124861902520195,0.06999996004558667,0.19700100905713086,1.1780972450961724,0.1217243299445642,0.0003252789399595874,2.433392826006941,SUCCESS
55,0.125,0.0017124861902520195,0.06999996004558667,0.19700100905713086,1.5707963267948966,0.1217243299445642,0.0020348132293905104,2.3812877555087453,SUCCESS
55,0.125,0.0017124861902520195,0.06999996004558667,0.19700100905713086,1.9634954084936207,0.1217243299445642,2.95361533167925e-06,8.62749935374331,IK_NORMAL_ERROR
55,0.125,0.0017124861902520195,0.06999996004558667,0.19700100905713086,2.356194490192345,0.1217243299445642,4.100621569310121e-09,9.90286965346305,IK_NORMAL_ERROR
55,0.125,0.0017124861902520195,0.06999996004558667,0.19700100905713086,2.748893571891069,0.1217243299445642,4.208829869442769e-09,4.459002556474701,IK_NORMAL_ERROR
55,0.125,0.0017124861902520195,0.06999996004558667,0.19700100905713086,3.141592653589793,0.1217243299445642,3.6084456581584478e-09,10.063948761753682,IK_NORMAL_ERROR
55,0.125,0.0017124861902520195,0.06999996004558667,0.19700100905713086,3.5342917352885173,0.1217243299445642,0.000815568556614755,2.7783213253751518,SUCCESS
55,0.125,0.0017124861902520195,0.06999996004558667,0.19700100905713086,3.9269908169872414,0.1217243299445642,0.004977691375804946,1.445802096958899,SUCCESS
55,0.125,0.0017124861902520195,0.06999996004558667,0.19700100905713086,4.319689898685965,0.1217243299445642,4.152640649308611e-06,14.752771705120184,IK_NORMAL_ERROR
55,0.125,0.0017124861902520195,0.06999996004558667,0.19700100905713086,4.71238898038469,0.1217243299445642,0.0009763659441396166,0.8965626537497933,SUCCESS
55,0.125,0.0017124861902520195,0.06999996004558667,0.19700100905713086,5.105088062083414,0.1217243299445642,0.00037645209397014676,2.7082696277669336,SUCCESS
55,0.125,0.0017124861902520195,0.06999996004558667,0.19700100905713086,5.497787143782138,0.1217243299445642,0.0004226630649597283,2.9376419497728783,SUCCESS
55,0.125,0.0017124861902520195,0.06999996004558667,0.19700100905713086,5.890486225480862,0.1217243299445642,0.0005082607682795023,2.990873807264236,SUCCESS
55,0.0,0.0017238251899775888,0.06999996004641039,0.07200100957142253,0.0,-0.0032756695411441383,inf,inf,NON_POSITIVE_VERTICAL_PROGRESS
