segment_id,s_m,x_m,y_m,z_m,yaw_rad,vertical_progress_m,position_error_m,normal_error_deg,failure_reason,detail
0,0.03000000000626102,0.06999982686116368,3.147705006005988e-10,37.85948340941761,0.0,37.60774282519815,inf,inf,GEOMETRICALLY_UNREACHABLE,GEOMETRICALLY_UNREACHABLE
0,0.0,0.06999982686116368,3.143441749995526e-10,37.829483409411345,0.0,37.57774282519189,inf,inf,GEOMETRICALLY_UNREACHABLE,GEOMETRICALLY_UNREACHABLE
1,0.5800000001209256,0.06999982686116368,3.097966537364146e-10,37.50948001860438,0.0,37.25773943438492,inf,inf,GEOMETRICALLY_UNREACHABLE,GEOMETRICALLY_UNREACHABLE
1,0.48,0.06999982686116368,3.083755683981719e-10,37.40948001848345,0.0,37.157739434263995,inf,inf,GEOMETRICALLY_UNREACHABLE,GEOMETRICALLY_UNREACHABLE
1,0.36,0.06999982686116368,3.066702659943429e-10,37.28948001848345,0.0,37.037739434264,inf,inf,GEOMETRICALLY_UNREACHABLE,GEOMETRICALLY_UNREACHABLE
1,0.24,0.06999982686116368,3.0496496359051385e-10,37.169480018483455,0.0,36.917739434264,inf,inf,GEOMETRICALLY_UNREACHABLE,GEOMETRICALLY_UNREACHABLE
1,0.12,0.06999982686116368,3.032596611866849e-10,37.04948001848346,0.0,36.797739434264,inf,inf,GEOMETRICALLY_UNREACHABLE,GEOMETRICALLY_UNREACHABLE
1,0.0,0.06999982686116368,3.0155435878285583e-10,36.92948001848345,0.0,36.677739434264,inf,inf,GEOMETRICALLY_UNREACHABLE,GEOMETRICALLY_UNREACHABLE
2,0.09000000001876174,0.06999982686116368,2.994180167260438e-10,36.7791482965309,0.0,36.527407712311444,inf,inf,GEOMETRICALLY_UNREACHABLE,GEOMETRICALLY_UNREACHABLE
2,0.0,0.06999982686116368,2.981390399229054e-10,36.68914829651214,0.0,36.43740771229268,inf,inf,GEOMETRICALLY_UNREACHABLE,GEOMETRICALLY_UNREACHABLE
3,0.470000000098004,0.06999982686116368,2.9544373954276917e-10,36.49948337556315,0.0,36.2477427913437,inf,inf,GEOMETRICALLY_UNREACHABLE,GEOMETRICALLY_UNREACHABLE
3,0.36,0.0699998268611637,2.938805456711999e-10,36.38948337546515,0.0,36.13774279124569,inf,inf,GEOMETRICALLY_UNREACHABLE,GEOMETRICALLY_UNREACHABLE
3,0.24,0.0699998268611637,2.921752432673709e-10,36.26948337546515,0.0,36.017742791245695,inf,inf,GEOMETRICALLY_UNREACHABLE,GEOMETRICALLY_UNREACHABLE
3,0.12,0.06999982686116368,2.904699408635419e-10,36.149483375465145,0.0,35.89774279124569,inf,inf,GEOMETRICALLY_UNREACHABLE,GEOMETRICALLY_UNREACHABLE
3,0.0,0.06999982686116368,2.8876463845971286e-10,36.02948337546515,0.0,35.77774279124569,inf,inf,GEOMETRICALLY_UNREACHABLE,GEOMETRICALLY_UNREACHABLE
4,0.2000000000416975,0.0699998268611637,2.86608616802554e-10,35.87776682461872,0.0,35.62602624039926,inf,inf,GEOMETRICALLY_UNREACHABLE,GEOMETRICALLY_UNREACHABLE
4,0.12,0.06999982686116368,2.854717485327421e-10,35.797766824577025,0.0,35.54602624035757,inf,inf,GEOMETRICALLY_UNREACHABLE,GEOMETRICALLY_UNREACHABLE
4,0.0,0.0699998268611637,2.83766446128913e-10,35.67776682457702,0.0,35.426026240357565,inf,inf,GEOMETRICALLY_UNREACHABLE,GEOMETRICALLY_UNREACHABLE
5,0.19000000003960338,0.06999982686116368,2.8126861688057867e-10,35.50199770050429,0.0,35.250257116284835,inf,inf,GEOMETRICALLY_UNREACHABLE,GEOMETRICALLY_UNREACHABLE
5,0.12,0.06999982686116368,2.802738571444488e-10,35.431997700464684,0.0,35.18025711624523,inf,inf,GEOMETRICALLY_UNREACHABLE,GEOMETRICALLY_UNREACHABLE
5,0.0,0.06999982686116368,2.785685547406197e-10,35.31199770046469,0.0,35.06025711624523,inf,inf,GEOMETRICALLY_UNREACHABLE,GEOMETRICALLY_UNREACHABLE
6,0.27181783165739726,0.063702321582535,2.6702187068965783e-10,34.49948426701135,0.0,34.24774368279189,inf,inf,GEOMETRICALLY_UNREACHABLE,GEOMETRICALLY_UNREACHABLE
6,0.24,0.06999982686116368,2.6659571805195647e-10,34.46948413840461,0.0,34.217743554185155,inf,inf,GEOMETRICALLY_UNREACHABLE,GEOMETRICALLY_UNREACHABLE
6,0.12,0.06999982686116368,2.648904156481275e-10,34.349484138404605,0.0,34.09774355418515,inf,inf,GEOMETRICALLY_UNREACHABLE,GEOMETRICALLY_UNREACHABLE
6,0.0,0.0699998268611637,2.6318511324429835e-10,34.22948413840461,0.0,33.97774355418515,inf,inf,GEOMETRICALLY_UNREACHABLE,GEOMETRICALLY_UNREACHABLE
7,0.40000000008333103,0.06999982686116368,2.6094513920603387e-10,34.07185996336786,0.0,33.8201193791484,inf,inf,GEOMETRICALLY_UNREACHABLE,GEOMETRICALLY_UNREACHABLE
7,0.36,0.0699998268611637,2.6037670507024013e-10,34.031859963284525,0.0,33.78011937906507,inf,inf,GEOMETRICALLY_UNREACHABLE,GEOMETRICALLY_UNREACHABLE
7,0.24,0.06999982686116368,2.5867140266641105e-10,33.91185996328453,0.0,33.66011937906507,inf,inf,GEOMETRICALLY_UNREACHABLE,GEOMETRICALLY_UNREACHABLE
7,0.12,0.06999982686116368,2.56966100262582e-10,33.79185996328452,0.0,33.54011937906507,inf,inf,GEOMETRICALLY_UNREACHABLE,GEOMETRICALLY_UNREACHABLE
7,0.0,0.0699998268611637,2.5526079785875293e-10,33.671859963284525,0.0,33.42011937906507,inf,inf,GEOMETRICALLY_UNREACHABLE,GEOMETRICALLY_UNREACHABLE
8,0.16000000003333525,0.06999982686116368,2.526690713948768e-10,33.48948340944469,0.0,33.23774282522523,inf,inf,GEOMETRICALLY_UNREACHABLE,GEOMETRICALLY_UNREACHABLE
8,0.12,0.0699998268611637,2.521006372597935e-10,33.44948340941136,0.0,33.1977428251919,inf,inf,GEOMETRICALLY_UNREACHABLE,GEOMETRICALLY_UNREACHABLE
8,0.0,0.0699998268611637,2.503953348559644e-10,33.32948340941135,0.0,33.0777428251919,inf,inf,GEOMETRICALLY_UNREACHABLE,GEOMETRICALLY_UNREACHABLE
9,0.47067669965113434,0.06999982686116368,2.4817237902247175e-10,33.17305678418631,0.0,32.92131619996685,inf,inf,GEOMETRICALLY_UNREACHABLE,GEOMETRICALLY_UNREACHABLE
9,0.36,0.0699998268611637,2.4659956867278054e-10,33.06238008453517,0.0,32.810639500315716,inf,inf,GEOMETRICALLY_UNREACHABLE,GEOMETRICALLY_UNREACHABLE
9,0.24,0.0699998268611637,2.4489426626895156e-10,32.94238008453517,0.0,32.69063950031572,inf,inf,GEOMETRICALLY_UNREACHABLE,GEOMETRICALLY_UNREACHABLE
9,0.12,0.06999982686116368,2.4318896386512253e-10,32.822380084535176,0.0,32.57063950031572,inf,inf,GEOMETRICALLY_UNREACHABLE,GEOMETRICALLY_UNREACHABLE
9,0.0,0.06625904612018409,2.414931751970484e-10,32.70305686044866,0.0,32.45131627622921,inf,inf,GEOMETRICALLY_UNREACHABLE,GEOMETRICALLY_UNREACHABLE
10,0.050000000010413714,0.0699998268611637,2.3831606130767777e-10,32.47948001849386,0.0,32.227739434274405,inf,inf,GEOMETRICALLY_UNREACHABLE,GEOMETRICALLY_UNREACHABLE
10,0.0,0.0699998268611637,2.3760551863926765e-10,32.429480018483446,0.0,32.17773943426399,inf,inf,GEOMETRICALLY_UNREACHABLE,GEOMETRICALLY_UNREACHABLE
11,0.61000000012708,0.06999982686116368,2.353500921105792e-10,32.27076847099785,0.0,32.019027886778396,inf,inf,GEOMETRICALLY_UNREACHABLE,GEOMETRICALLY_UNREACHABLE
11,0.6,0.0699998268611637,2.35207983575121e-10,32.26076847087077,0.0,32.00902788665132,inf,inf,GEOMETRICALLY_UNREACHABLE,GEOMETRICALLY_UNREACHABLE
11,0.48,0.06999982686116368,2.335026811712919e-10,32.140768470870775,0.0,31.88902788665132,inf,inf,GEOMETRICALLY_UNREACHABLE,GEOMETRICALLY_UNREACHABLE
11,0.36,0.0699998268611637,2.3179737876746276e-10,32.02076847087077,0.0,31.769027886651315,inf,inf,GEOMETRICALLY_UNREACHABLE,GEOMETRICALLY_UNREACHABLE
11,0.24,0.0699998268611637,2.3009207636363386e-10,31.90076847087077,0.0,31.649027886651314,inf,inf,GEOMETRICALLY_UNREACHABLE,GEOMETRICALLY_UNREACHABLE
11,0.12,0.06999982686116368,2.283867739598048e-10,31.78076847087077,0.0,31.529027886651313,inf,inf,GEOMETRICALLY_UNREACHABLE,GEOMETRICALLY_UNREACHABLE
11,0.0,0.06999982686116368,2.2668147155597584e-10,31.66076847087077,0.0,31.409027886651316,inf,inf,GEOMETRICALLY_UNREACHABLE,GEOMETRICALLY_UNREACHABLE
12,0.060760688297150985,0.06999982686116368,2.144499742284866e-10,30.800053282759265,0.0,30.54831269853981,inf,inf,GEOMETRICALLY_UNREACHABLE,GEOMETRICALLY_UNREACHABLE
12,0.0,0.0660256558979464,2.1359721387384991e-10,30.74005336387121,0.0,30.488312779651753,inf,inf,GEOMETRICALLY_UNREACHABLE,GEOMETRICALLY_UNREACHABLE
13,0.7300000001520814,0.06999982686116368,2.0961016095212353e-10,30.459481668094607,0.0,30.207741083875153,inf,inf,GEOMETRICALLY_UNREACHABLE,GEOMETRICALLY_UNREACHABLE
13,0.72,0.06999982686116368,2.094680524163099e-10,30.449481667942525,0.0,30.19774108372307,inf,inf,GEOMETRICALLY_UNREACHABLE,GEOMETRICALLY_UNREACHABLE
13,0.6,0.06999982686116368,2.0776275001248095e-10,30.329481667942527,0.0,30.077741083723073,inf,inf,GEOMETRICALLY_UNREACHABLE,GEOMETRICALLY_UNREACHABLE
13,0.48,0.0699998268611637,2.060574476086519e-10,30.209481667942526,0.0,29.95774108372307,inf,inf,GEOMETRICALLY_UNREACHABLE,GEOMETRICALLY_UNREACHABLE
13,0.36,0.06999982686116368,2.0435214520482283e-10,30.089481667942525,0.0,29.83774108372307,inf,inf,GEOMETRICALLY_UNREACHABLE,GEOMETRICALLY_UNREACHABLE
13,0.24,0.06999982686116368,2.026468428009939e-10,29.969481667942528,0.0,29.717741083723073,inf,inf,GEOMETRICALLY_UNREACHABLE,GEOMETRICALLY_UNREACHABLE
13,0.12,0.06999982686116368,2.0094154039716482e-10,29.849481667942523,0.0,29.59774108372307,inf,inf,GEOMETRICALLY_UNREACHABLE,GEOMETRICALLY_UNREACHABLE
13,0.0,0.06999982686116368,1.992362379933359e-10,29.729481667942526,0.0,29.47774108372307,inf,inf,GEOMETRICALLY_UNREACHABLE,GEOMETRICALLY_UNREACHABLE
14,0.05000000001041727,0.0699998268611637,1.9711001951650605e-10,29.57986232966758,0.0,29.328121745448126,inf,inf,GEOMETRICALLY_UNREACHABLE,GEOMETRICALLY_UNREACHABLE
14,0.0,0.06999982686116368,1.9639947684809595e-10,29.529862329657163,0.0,29.27812174543771,inf,inf,GEOMETRICALLY_UNREACHABLE,GEOMETRICALLY_UNREACHABLE
15,0.5200000001083254,0.06999982686116368,1.938361327998722e-10,29.349483010953232,0.0,29.097742426733777,inf,inf,GEOMETRICALLY_UNREACHABLE,GEOMETRICALLY_UNREACHABLE
15,0.48,0.06999982686116368,1.932676986637231e-10,29.309483010844907,0.0,29.057742426625452,inf,inf,GEOMETRICALLY_UNREACHABLE,GEOMETRICALLY_UNREACHABLE
15,0.36,0.06999982686116368,1.915623962598941e-10,29.189483010844906,0.0,28.93774242662545,inf,inf,GEOMETRICALLY_UNREACHABLE,GEOMETRICALLY_UNREACHABLE
15,0.24,0.0699998268611637,1.89857093856065e-10,29.069483010844905,0.0,28.81774242662545,inf,inf,GEOMETRICALLY_UNREACHABLE,GEOMETRICALLY_UNREACHABLE
15,0.12,0.0699998268611637,1.8815179145223605e-10,28.949483010844908,0.0,28.697742426625453,inf,inf,GEOMETRICALLY_UNREACHABLE,GEOMETRICALLY_UNREACHABLE
15,0.0,0.06999982686116368,1.8644648904840702e-10,28.829483010844907,0.0,28.577742426625452,inf,inf,GEOMETRICALLY_UNREACHABLE,GEOMETRICALLY_UNREACHABLE
16,0.2406725638879923,0.06999982686116368,1.8430415678008306e-10,28.67872976519086,0.0,28.426989180971404,inf,inf,GEOMETRICALLY_UNREACHABLE,GEOMETRICALLY_UNREACHABLE
16,0.24,0.06999982686116368,1.8429459907329207e-10,28.678057201302867,0.0,28.426316617083412,inf,inf,GEOMETRICALLY_UNREACHABLE,GEOMETRICALLY_UNREACHABLE
16,0.12,0.0699998268611637,1.8258929666946306e-10,28.55805720130287,0.0,28.306316617083414,inf,inf,GEOMETRICALLY_UNREACHABLE,GEOMETRICALLY_UNREACHABLE
16,0.0,0.06627086705278645,1.8089344955401394e-10,28.438729841259832,0.0,28.186989257040377,inf,inf,GEOMETRICALLY_UNREACHABLE,GEOMETRICALLY_UNREACHABLE
17,0.2800000000583296,0.06999982686116368,1.7763576538379637e-10,28.209483392372963,0.0,27.957742808153508,inf,inf,GEOMETRICALLY_UNREACHABLE,GEOMETRICALLY_UNREACHABLE
17,0.24,0.0699998268611637,1.7706733124835773e-10,28.169483392314632,0.0,27.917742808095177,inf,inf,GEOMETRICALLY_UNREACHABLE,GEOMETRICALLY_UNREACHABLE
17,0.12,0.06999982686116368,1.753620288445288e-10,28.049483392314635,0.0,27.79774280809518,inf,inf,GEOMETRICALLY_UNREACHABLE,GEOMETRICALLY_UNREACHABLE
17,0.0,0.06999982686116368,1.7365672644069974e-10,27.929483392314634,0.0,27.67774280809518,inf,inf,GEOMETRICALLY_UNREACHABLE,GEOMETRICALLY_UNREACHABLE
18,0.5100000001062384,0.0699998268611637,1.7148650366630626e-10,27.77676752658755,0.0,27.525026942368097,inf,inf,GEOMETRICALLY_UNREACHABLE,GEOMETRICALLY_UNREACHABLE
18,0.48,0.0699998268611637,1.7106017806383923e-10,27.746767526481314,0.0,27.49502694226186,inf,inf,GEOMETRICALLY_UNREACHABLE,GEOMETRICALLY_UNREACHABLE
18,0.36,0.06999982686116368,1.693548756600102e-10,27.626767526481313,0.0,27.375026942261858,inf,inf,GEOMETRICALLY_UNREACHABLE,GEOMETRICALLY_UNREACHABLE
18,0.24,0.06999982686116368,1.6764957325618119e-10,27.506767526481312,0.0,27.255026942261857,inf,inf,GEOMETRICALLY_UNREACHABLE,GEOMETRICALLY_UNREACHABLE
18,0.12,0.0699998268611637,1.6594427085235218e-10,27.386767526481314,0.0,27.13502694226186,inf,inf,GEOMETRICALLY_UNREACHABLE,GEOMETRICALLY_UNREACHABLE
18,0.0,0.06999982686116368,1.6423896844852312e-10,27.266767526481313,0.0,27.01502694226186,inf,inf,GEOMETRICALLY_UNREACHABLE,GEOMETRICALLY_UNREACHABLE
19,0.06000000001250072,0.06999982686116368,1.6171961503508456e-10,27.089483773796857,0.0,26.837743189577402,inf,inf,GEOMETRICALLY_UNREACHABLE,GEOMETRICALLY_UNREACHABLE
19,0.0,0.06999982686116368,1.6086696383299243e-10,27.029483773784357,0.0,26.7777431895649,inf,inf,GEOMETRICALLY_UNREACHABLE,GEOMETRICALLY_UNREACHABLE
20,0.7100000001479074,0.06999982686116368,1.4537714450900145e-10,25.93948453687172,0.0,25.687743952652266,inf,inf,GEOMETRICALLY_UNREACHABLE,GEOMETRICALLY_UNREACHABLE
20,0.6,0.06999982686116368,1.43813950636723e-10,25.82948453672381,0.0,25.577743952504356,inf,inf,GEOMETRICALLY_UNREACHABLE,GEOMETRICALLY_UNREACHABLE
20,0.48,0.0699998268611637,1.4210864823289395e-10,25.70948453672381,0.0,25.457743952504355,inf,inf,GEOMETRICALLY_UNREACHABLE,GEOMETRICALLY_UNREACHABLE
20,0.36,0.06999982686116368,1.4040334582906494e-10,25.589484536723813,0.0,25.337743952504358,inf,inf,GEOMETRICALLY_UNREACHABLE,GEOMETRICALLY_UNREACHABLE
20,0.24,0.06999982686116368,1.386980434252359e-10,25.469484536723815,0.0,25.21774395250436,inf,inf,GEOMETRICALLY_UNREACHABLE,GEOMETRICALLY_UNREACHABLE
20,0.12,0.06999982686116368,1.369927410214069e-10,25.349484536723814,0.0,25.09774395250436,inf,inf,GEOMETRICALLY_UNREACHABLE,GEOMETRICALLY_UNREACHABLE
20,0.0,0.0699998268611637,1.3528743861757787e-10,25.229484536723813,0.0,24.97774395250436,inf,inf,GEOMETRICALLY_UNREACHABLE,GEOMETRICALLY_UNREACHABLE
21,0.26000000005416624,0.06999982686116368,1.33145621936665e-10,25.078767572311843,0.0,24.82702698809239,inf,inf,GEOMETRICALLY_UNREACHABLE,GEOMETRICALLY_UNREACHABLE
21,0.24,0.0699998268611637,1.3286140486859044e-10,25.05876757225768,0.0,24.807026988038224,inf,inf,GEOMETRICALLY_UNREACHABLE,GEOMETRICALLY_UNREACHABLE
21,0.12,0.0699998268611637,1.3115610246476143e-10,24.938767572257678,0.0,24.687026988038223,inf,inf,GEOMETRICALLY_UNREACHABLE,GEOMETRICALLY_UNREACHABLE
21,0.0,0.0699998268611637,1.2945080006093242e-10,24.818767572257677,0.0,24.567026988038222,inf,inf,GEOMETRICALLY_UNREACHABLE,GEOMETRICALLY_UNREACHABLE
22,0.3200000000666634,0.0699998268611637,1.270451083198652e-10,24.64948204947892,0.0,24.397741465259465,inf,inf,GEOMETRICALLY_UNREACHABLE,GEOMETRICALLY_UNREACHABLE
22,0.24,0.0699998268611637,1.2590824004969848e-10,24.569482049412258,0.0,24.317741465192803,inf,inf,GEOMETRICALLY_UNREACHABLE,GEOMETRICALLY_UNREACHABLE
22,0.12,0.0699998268611637,1.2420293764586942e-10,24.449482049412257,0.0,24.197741465192802,inf,inf,GEOMETRICALLY_UNREACHABLE,GEOMETRICALLY_UNREACHABLE
22,0.0,0.0699998268611637,1.2249763524204047e-10,24.329482049412256,0.0,24.0777414651928,inf,inf,GEOMETRICALLY_UNREACHABLE,GEOMETRICALLY_UNREACHABLE
23,0.6328586928153253,0.07688522056078832,1.203773698361843e-10,24.18026817327095,0.0,23.928527589051495,inf,inf,GEOMETRICALLY_UNREACHABLE,GEOMETRICALLY_UNREACHABLE
23,0.6,0.06999982686116368,1.1994065724095723e-10,24.14955070149354,0.0,23.897810117274084,inf,inf,GEOMETRICALLY_UNREACHABLE,GEOMETRICALLY_UNREACHABLE
23,0.48,0.0699998268611637,1.1823535483712825e-10,24.029550701493537,0.0,23.777810117274083,inf,inf,GEOMETRICALLY_UNREACHABLE,GEOMETRICALLY_UNREACHABLE
23,0.36,0.0699998268611637,1.1653005243329922e-10,23.909550701493536,0.0,23.65781011727408,inf,inf,GEOMETRICALLY_UNREACHABLE,GEOMETRICALLY_UNREACHABLE
23,0.24,0.06999982686116368,1.1482475002947018e-10,23.78955070149354,0.0,23.537810117274084,inf,inf,GEOMETRICALLY_UNREACHABLE,GEOMETRICALLY_UNREACHABLE
23,0.12,0.0699998268611637,1.1311944762564115e-10,23.669550701493538,0.0,23.417810117274083,inf,inf,GEOMETRICALLY_UNREACHABLE,GEOMETRICALLY_UNREACHABLE
23,0.0,0.06584178994058798,1.1142422890100662e-10,23.55026839856841,0.0,23.298527814348954,inf,inf,GEOMETRICALLY_UNREACHABLE,GEOMETRICALLY_UNREACHABLE
24,0.7500000001562377,0.06999982686116368,1.0757626371555595e-10,23.279483773940598,0.0,23.027743189721143,inf,inf,GEOMETRICALLY_UNREACHABLE,GEOMETRICALLY_UNREACHABLE
24,0.72,0.06999982686116368,1.0714993811237843e-10,23.24948377378436,0.0,22.997743189564904,inf,inf,GEOMETRICALLY_UNREACHABLE,GEOMETRICALLY_UNREACHABLE
24,0.6,0.06999982686116368,1.0544463570854937e-10,23.12948377378436,0.0,22.877743189564907,inf,inf,GEOMETRICALLY_UNREACHABLE,GEOMETRICALLY_UNREACHABLE
24,0.48,0.06999982686116368,1.0373933330472038e-10,23.00948377378436,0.0,22.757743189564906,inf,inf,GEOMETRICALLY_UNREACHABLE,GEOMETRICALLY_UNREACHABLE
24,0.36,0.06999982686116367,1.0203403090089134e-10,22.88948377378436,0.0,22.637743189564905,inf,inf,GEOMETRICALLY_UNREACHABLE,GEOMETRICALLY_UNREACHABLE
24,0.24,0.06999982686116368,1.0032872849706237e-10,22.769483773784362,0.0,22.517743189564907,inf,inf,GEOMETRICALLY_UNREACHABLE,GEOMETRICALLY_UNREACHABLE
24,0.12,0.06999982686116368,9.862342609323335e-11,22.64948377378436,0.0,22.397743189564906,inf,inf,GEOMETRICALLY_UNREACHABLE,GEOMETRICALLY_UNREACHABLE
24,0.0,0.06999982686116367,9.691812368940425e-11,22.52948377378436,0.0,22.277743189564905,inf,inf,GEOMETRICALLY_UNREACHABLE,GEOMETRICALLY_UNREACHABLE
25,0.19000000003958206,0.06999982686116368,9.46910572837621e-11,22.37276789273183,0.0,22.121027308512375,inf,inf,GEOMETRICALLY_UNREACHABLE,GEOMETRICALLY_UNREACHABLE
25,0.12,0.06999982686116367,9.369629754763265e-11,22.30276789269225,0.0,22.051027308472793,inf,inf,GEOMETRICALLY_UNREACHABLE,GEOMETRICALLY_UNREACHABLE
25,0.0,0.06999982686116368,9.199099514380368e-11,22.182767892692247,0.0,21.931027308472792,inf,inf,GEOMETRICALLY_UNREACHABLE,GEOMETRICALLY_UNREACHABLE
26,0.38000000007916057,0.06999982686116368,8.952848536161383e-11,22.009484155333244,0.0,21.75774357111379,inf,inf,GEOMETRICALLY_UNREACHABLE,GEOMETRICALLY_UNREACHABLE
26,0.36,0.0699998268611637,8.924426829318402e-11,21.989484155254086,0.0,21.73774357103463,inf,inf,GEOMETRICALLY_UNREACHABLE,GEOMETRICALLY_UNREACHABLE
26,0.24,0.0699998268611637,8.753896588935499e-11,21.869484155254085,0.0,21.61774357103463,inf,inf,GEOMETRICALLY_UNREACHABLE,GEOMETRICALLY_UNREACHABLE
26,0.12,0.0699998268611637,8.583366348552597e-11,21.74948415525408,0.0,21.497743571034626,inf,inf,GEOMETRICALLY_UNREACHABLE,GEOMETRICALLY_UNREACHABLE
26,0.0,0.0699998268611637,8.412836108169697e-11,21.629484155254083,0.0,21.377743571034628,inf,inf,GEOMETRICALLY_UNREACHABLE,GEOMETRICALLY_UNREACHABLE
27,0.750000000156259,0.06999982686116368,6.920693512460422e-11,20.579482049568515,0.0,20.32774146534906,inf,inf,GEOMETRICALLY_UNREACHABLE,GEOMETRICALLY_UNREACHABLE
27,0.72,0.06999982686116368,6.878060952142637e-11,20.549482049412255,0.0,20.2977414651928,inf,inf,GEOMETRICALLY_UNREACHABLE,GEOMETRICALLY_UNREACHABLE
27,0.6,0.06999982686116368,6.707530711759743e-11,20.429482049412254,0.0,20.1777414651928,inf,inf,GEOMETRICALLY_UNREACHABLE,GEOMETRICALLY_UNREACHABLE
27,0.48,0.0699998268611637,6.537000471376837e-11,20.309482049412257,0.0,20.0577414651928,inf,inf,GEOMETRICALLY_UNREACHABLE,GEOMETRICALLY_UNREACHABLE
27,0.36,0.06999982686116368,6.366470230993934e-11,20.189482049412256,0.0,19.9377414651928,inf,inf,GEOMETRICALLY_UNREACHABLE,GEOMETRICALLY_UNREACHABLE
27,0.24,0.06999982686116368,6.195939990611031e-11,20.069482049412255,0.0,19.8177414651928,inf,inf,GEOMETRICALLY_UNREACHABLE,GEOMETRICALLY_UNREACHABLE
27,0.12,0.0699998268611637,6.025409750228131e-11,19.949482049412254,0.0,19.6977414651928,inf,inf,GEOMETRICALLY_UNREACHABLE,GEOMETRICALLY_UNREACHABLE
27,0.0,0.0699998268611637,5.854879509845228e-11,19.829482049412256,0.0,19.5777414651928,inf,inf,GEOMETRICALLY_UNREACHABLE,GEOMETRICALLY_UNREACHABLE
28,0.2600000000541698,0.0699998268611637,5.642122223247997e-11,19.679767404465167,0.0,19.428026820245712,inf,inf,GEOMETRICALLY_UNREACHABLE,GEOMETRICALLY_UNREACHABLE
28,0.24,0.06999982686116368,5.613700516440534e-11,19.659767404410996,0.0,19.40802682019154,inf,inf,GEOMETRICALLY_UNREACHABLE,GEOMETRICALLY_UNREACHABLE
28,0.12,0.06999982686116368,5.443170276057633e-11,19.539767404411,0.0,19.288026820191543,inf,inf,GEOMETRICALLY_UNREACHABLE,GEOMETRICALLY_UNREACHABLE
28,0.0,0.0699998268611637,5.2726400356747306e-11,19.419767404410997,0.0,19.168026820191542,inf,inf,GEOMETRICALLY_UNREACHABLE,GEOMETRICALLY_UNREACHABLE
29,0.3200000000666705,0.0699998268611637,5.0306519231348206e-11,19.2494833923813,0.0,18.997742808161846,inf,inf,GEOMETRICALLY_UNREACHABLE,GEOMETRICALLY_UNREACHABLE
29,0.24,0.0699998268611637,4.916965096118142e-11,19.169483392314632,0.0,18.917742808095177,inf,inf,GEOMETRICALLY_UNREACHABLE,GEOMETRICALLY_UNREACHABLE
29,0.12,0.0699998268611637,4.7464348557352396e-11,19.04948339231463,0.0,18.797742808095176,inf,inf,GEOMETRICALLY_UNREACHABLE,GEOMETRICALLY_UNREACHABLE
29,0.0,0.0699998268611637,4.575904615352339e-11,18.92948339231463,0.0,18.677742808095175,inf,inf,GEOMETRICALLY_UNREACHABLE,GEOMETRICALLY_UNREACHABLE
30,0.7502462983591771,0.06999982686116368,4.3627423571968026e-11,18.779483773940616,0.0,18.52774318972116,inf,inf,GEOMETRICALLY_UNREACHABLE,GEOMETRICALLY_UNREACHABLE
30,0.72,0.0699998268611637,4.319759786114441e-11,18.749237475581438,0.0,18.497496891361983,inf,inf,GEOMETRICALLY_UNREACHABLE,GEOMETRICALLY_UNREACHABLE
30,0.6,0.0699998268611637,4.14922954573154e-11,18.629237475581437,0.0,18.377496891361982,inf,inf,GEOMETRICALLY_UNREACHABLE,GEOMETRICALLY_UNREACHABLE
30,0.48,0.0699998268611637,3.978699305348637e-11,18.509237475581436,0.0,18.25749689136198,inf,inf,GEOMETRICALLY_UNREACHABLE,GEOMETRICALLY_UNREACHABLE
30,0.36,0.0699998268611637,3.8081690649657364e-11,18.38923747558144,0.0,18.137496891361984,inf,inf,GEOMETRICALLY_UNREACHABLE,GEOMETRICALLY_UNREACHABLE
30,0.24,0.0699998268611637,3.637638824582829e-11,18.269237475581438,0.0,18.017496891361983,inf,inf,GEOMETRICALLY_UNREACHABLE,GEOMETRICALLY_UNREACHABLE
30,0.12,0.0699998268611637,3.467108584199933e-11,18.149237475581437,0.0,17.897496891361982,inf,inf,GEOMETRICALLY_UNREACHABLE,GEOMETRICALLY_UNREACHABLE
30,0.0,0.06776654707181619,3.296922220769703e-11,18.02948381937213,0.0,17.777743235152673,inf,inf,GEOMETRICALLY_UNREACHABLE,GEOMETRICALLY_UNREACHABLE
31,0.6600000001375079,0.06999982686116368,2.9558684161122513e-11,17.78948415539159,0.0,17.537743571172136,inf,inf,GEOMETRICALLY_UNREACHABLE,GEOMETRICALLY_UNREACHABLE
31,0.6,0.06999982686116368,2.870603295725385e-11,17.729484155254084,0.0,17.47774357103463,inf,inf,GEOMETRICALLY_UNREACHABLE,GEOMETRICALLY_UNREACHABLE
31,0.48,0.06999982686116368,2.7000730553424884e-11,17.609484155254084,0.0,17.35774357103463,inf,inf,GEOMETRICALLY_UNREACHABLE,GEOMETRICALLY_UNREACHABLE
31,0.36,0.06999982686116368,2.529542814959587e-11,17.489484155254083,0.0,17.237743571034628,inf,inf,GEOMETRICALLY_UNREACHABLE,GEOMETRICALLY_UNREACHABLE
31,0.24,0.06999982686116368,2.359012574576685e-11,17.36948415525408,0.0,17.117743571034627,inf,inf,GEOMETRICALLY_UNREACHABLE,GEOMETRICALLY_UNREACHABLE
31,0.12,0.06999982686116368,2.1884823341937833e-11,17.249484155254084,0.0,16.99774357103463,inf,inf,GEOMETRICALLY_UNREACHABLE,GEOMETRICALLY_UNREACHABLE
31,0.0,0.06999982686116368,2.0179520938108818e-11,17.129484155254083,0.0,16.877743571034628,inf,inf,GEOMETRICALLY_UNREACHABLE,GEOMETRICALLY_UNREACHABLE
32,0.4400000000916613,0.06999982686116368,1.7938224381044682e-11,16.97176691622141,0.0,16.720026332001954,inf,inf,GEOMETRICALLY_UNREACHABLE,GEOMETRICALLY_UNREACHABLE
32,0.36,0.06999982686116368,1.6801356110522775e-11,16.891766916129747,0.0,16.640026331910292,inf,inf,GEOMETRICALLY_UNREACHABLE,GEOMETRICALLY_UNREACHABLE
32,0.24,0.06999982686116368,1.50960537066937e-11,16.771766916129746,0.0,16.52002633191029,inf,inf,GEOMETRICALLY_UNREACHABLE,GEOMETRICALLY_UNREACHABLE
32,0.12,0.06999982686116368,1.3390751302864721e-11,16.651766916129745,0.0,16.40002633191029,inf,inf,GEOMETRICALLY_UNREACHABLE,GEOMETRICALLY_UNREACHABLE
32,0.0,0.0699998268611637,1.1685448899035692e-11,16.531766916129747,0.0,16.280026331910292,inf,inf,GEOMETRICALLY_UNREACHABLE,GEOMETRICALLY_UNREACHABLE
33,0.13000000002708134,0.0699998268611637,9.2371285004377e-12,16.35948166796961,0.0,16.107741083750156,inf,inf,GEOMETRICALLY_UNREACHABLE,GEOMETRICALLY_UNREACHABLE
33,0.12,0.0699998268611637,9.095019966400431e-12,16.34948166794253,0.0,16.097741083723076,inf,inf,GEOMETRICALLY_UNREACHABLE,GEOMETRICALLY_UNREACHABLE
33,0.0,0.0699998268611637,7.389717562571402e-12,16.22948166794253,0.0,15.977741083723075,inf,inf,GEOMETRICALLY_UNREACHABLE,GEOMETRICALLY_UNREACHABLE
34,0.050000000010413714,0.0699998268611637,5.151763640667969e-12,16.0719996459707,0.0,15.820259061751244,inf,inf,GEOMETRICALLY_UNREACHABLE,GEOMETRICALLY_UNREACHABLE
34,0.0,0.0699998268611637,4.441220972257853e-12,16.021999645960285,0.0,15.77025906174083,inf,inf,GEOMETRICALLY_UNREACHABLE,GEOMETRICALLY_UNREACHABLE
35,0.010681372310003151,0.0699998268611637,-7.613044240921906e-12,15.17375606034542,0.0,14.922015476125967,inf,inf,GEOMETRICALLY_UNREACHABLE,GEOMETRICALLY_UNREACHABLE
35,0.0,0.06624572949702576,-7.755255882719716e-12,15.16375613697544,0.0,14.912015552755985,inf,inf,GEOMETRICALLY_UNREACHABLE,GEOMETRICALLY_UNREACHABLE
36,0.45000000009374475,0.06999982686116368,-1.1794916809279366e-11,14.879482911444605,0.0,14.62774232722515,inf,inf,GEOMETRICALLY_UNREACHABLE,GEOMETRICALLY_UNREACHABLE
36,0.36,0.0699998268611637,-1.3073893613483351e-11,14.78948291135086,0.0,14.537742327131404,inf,inf,GEOMETRICALLY_UNREACHABLE,GEOMETRICALLY_UNREACHABLE
36,0.24,0.0699998268611637,-1.4779196017312374e-11,14.66948291135086,0.0,14.417742327131407,inf,inf,GEOMETRICALLY_UNREACHABLE,GEOMETRICALLY_UNREACHABLE
36,0.12,0.0699998268611637,-1.6484498421141382e-11,14.549482911350859,0.0,14.297742327131406,inf,inf,GEOMETRICALLY_UNREACHABLE,GEOMETRICALLY_UNREACHABLE
36,0.0,0.0699998268611637,-1.818980082497039e-11,14.42948291135086,0.0,14.177742327131405,inf,inf,GEOMETRICALLY_UNREACHABLE,GEOMETRICALLY_UNREACHABLE
37,0.6700000001395754,0.0699998268611637,-2.0445273981300426e-11,14.270768082736367,0.0,14.019027498516913,inf,inf,GEOMETRICALLY_UNREACHABLE,GEOMETRICALLY_UNREACHABLE
37,0.6,0.0699998268611637,-2.1440033718850838e-11,14.200768082596793,0.0,13.94902749837734,inf,inf,GEOMETRICALLY_UNREACHABLE,GEOMETRICALLY_UNREACHABLE
37,0.48,0.0699998268611637,-2.3145336122679872e-11,14.08076808259679,0.0,13.829027498377336,inf,inf,GEOMETRICALLY_UNREACHABLE,GEOMETRICALLY_UNREACHABLE
37,0.36,0.0699998268611637,-2.4850638526508867e-11,13.960768082596793,0.0,13.709027498377338,inf,inf,GEOMETRICALLY_UNREACHABLE,GEOMETRICALLY_UNREACHABLE
37,0.24,0.0699998268611637,-2.6555940930337905e-11,13.840768082596792,0.0,13.589027498377337,inf,inf,GEOMETRICALLY_UNREACHABLE,GEOMETRICALLY_UNREACHABLE
37,0.12,0.0699998268611637,-2.8261243334166936e-11,13.720768082596791,0.0,13.469027498377336,inf,inf,GEOMETRICALLY_UNREACHABLE,GEOMETRICALLY_UNREACHABLE
37,0.0,0.0699998268611637,-2.9966545737995935e-11,13.600768082596792,0.0,13.349027498377339,inf,inf,GEOMETRICALLY_UNREACHABLE,GEOMETRICALLY_UNREACHABLE
38,0.7500000001562395,0.0699998268611637,-3.3111196636012673e-11,13.379482927005204,0.0,13.127742342785751,inf,inf,GEOMETRICALLY_UNREACHABLE,GEOMETRICALLY_UNREACHABLE
38,0.72,0.0699998268611637,-3.353752223919024e-11,13.349482926848964,0.0,13.097742342629509,inf,inf,GEOMETRICALLY_UNREACHABLE,GEOMETRICALLY_UNREACHABLE
38,0.6,0.06999982686116368,-3.524282464301928e-11,13.229482926848965,0.0,12.977742342629512,inf,inf,GEOMETRICALLY_UNREACHABLE,GEOMETRICALLY_UNREACHABLE
38,0.48,0.06999982686116368,-3.6948127046848276e-11,13.109482926848965,0.0,12.85774234262951,inf,inf,GEOMETRICALLY_UNREACHABLE,GEOMETRICALLY_UNREACHABLE
38,0.36,0.06999982686116368,-3.865342945067731e-11,12.989482926848964,0.0,12.73774234262951,inf,inf,GEOMETRICALLY_UNREACHABLE,GEOMETRICALLY_UNREACHABLE
38,0.24,0.06999982686116368,-4.035873185450631e-11,12.869482926848963,0.0,12.617742342629509,inf,inf,GEOMETRICALLY_UNREACHABLE,GEOMETRICALLY_UNREACHABLE
38,0.12,0.06999982686116367,-4.206403425833531e-11,12.749482926848964,0.0,12.497742342629511,inf,inf,GEOMETRICALLY_UNREACHABLE,GEOMETRICALLY_UNREACHABLE
38,0.0,0.06999982686116368,-4.376933666216437e-11,12.629482926848965,0.0,12.37774234262951,inf,inf,GEOMETRICALLY_UNREACHABLE,GEOMETRICALLY_UNREACHABLE
39,0.3306240610723409,0.06999982686116367,-4.5993782659148274e-11,12.472951440680465,0.0,12.22121085646101,inf,inf,GEOMETRICALLY_UNREACHABLE,GEOMETRICALLY_UNREACHABLE
39,0.24,0.06999982686116368,-4.728162790241006e-11,12.382327379608123,0.0,12.13058679538867,inf,inf,GEOMETRICALLY_UNREACHABLE,GEOMETRICALLY_UNREACHABLE
39,0.12,0.06999982686116368,-4.898693030623908e-11,12.262327379608125,0.0,12.010586795388672,inf,inf,GEOMETRICALLY_UNREACHABLE,GEOMETRICALLY_UNREACHABLE
39,0.0,0.06641205081668976,-5.068346281067462e-11,12.142951513848717,0.0,11.891210929629263,inf,inf,GEOMETRICALLY_UNREACHABLE,GEOMETRICALLY_UNREACHABLE
40,0.17000000003541338,0.06999982686116368,-5.414325712802371e-11,11.899483102121138,0.0,11.647742517901683,inf,inf,GEOMETRICALLY_UNREACHABLE,GEOMETRICALLY_UNREACHABLE
40,0.12,0.06999982686116368,-5.4853799796789065e-11,11.849483102085726,0.0,11.597742517866273,inf,inf,GEOMETRICALLY_UNREACHABLE,GEOMETRICALLY_UNREACHABLE
40,0.0,0.06999982686116368,-5.65591022006181e-11,11.729483102085725,0.0,11.477742517866272,inf,inf,GEOMETRICALLY_UNREACHABLE,GEOMETRICALLY_UNREACHABLE
41,0.750000000156243,0.06999982686116368,-5.869071794726808e-11,11.579483964675465,0.0,11.32774338045601,inf,inf,GEOMETRICALLY_UNREACHABLE,GEOMETRICALLY_UNREACHABLE
41,0.72,0.06999982686116368,-5.911704355044566e-11,11.54948396451922,0.0,11.297743380299767,inf,inf,GEOMETRICALLY_UNREACHABLE,GEOMETRICALLY_UNREACHABLE
41,0.6,0.06999982686116368,-6.08223459542747e-11,11.429483964519221,0.0,11.177743380299766,inf,inf,GEOMETRICALLY_UNREACHABLE,GEOMETRICALLY_UNREACHABLE
41,0.48,0.06999982686116368,-6.252764835810369e-11,11.309483964519222,0.0,11.057743380299769,inf,inf,GEOMETRICALLY_UNREACHABLE,GEOMETRICALLY_UNREACHABLE
41,0.36,0.06999982686116368,-6.423295076193269e-11,11.189483964519221,0.0,10.937743380299768,inf,inf,GEOMETRICALLY_UNREACHABLE,GEOMETRICALLY_UNREACHABLE
41,0.24,0.06999982686116368,-6.593825316576171e-11,11.069483964519222,0.0,10.817743380299767,inf,inf,GEOMETRICALLY_UNREACHABLE,GEOMETRICALLY_UNREACHABLE
41,0.12,0.06999982686116368,-6.764355556959073e-11,10.94948396451922,0.0,10.697743380299766,inf,inf,GEOMETRICALLY_UNREACHABLE,GEOMETRICALLY_UNREACHABLE
41,0.0,0.06999982686116368,-6.934885797341978e-11,10.829483964519222,0.0,10.577743380299768,inf,inf,GEOMETRICALLY_UNREACHABLE,GEOMETRICALLY_UNREACHABLE
42,0.09000000001875108,0.0699998268611637,-7.149066046358837e-11,10.6787679986922,0.0,10.427027414472747,inf,inf,GEOMETRICALLY_UNREACHABLE,GEOMETRICALLY_UNREACHABLE
42,0.0,0.06999982686116368,-7.276963726672659e-11,10.588767998673449,0.0,10.337027414453996,inf,inf,GEOMETRICALLY_UNREACHABLE,GEOMETRICALLY_UNREACHABLE
43,0.49000000010207856,0.0699998268611637,-7.517532281813944e-11,10.419482911452938,0.0,10.167742327233483,inf,inf,GEOMETRICALLY_UNREACHABLE,GEOMETRICALLY_UNREACHABLE
43,0.48,0.06999982686116368,-7.531743135324248e-11,10.40948291135086,0.0,10.157742327131405,inf,inf,GEOMETRICALLY_UNREACHABLE,GEOMETRICALLY_UNREACHABLE
43,0.36,0.0699998268611637,-7.70227337570715e-11,10.289482911350861,0.0,10.037742327131408,inf,inf,GEOMETRICALLY_UNREACHABLE,GEOMETRICALLY_UNREACHABLE
43,0.24,0.06999982686116368,-7.872803616090051e-11,10.16948291135086,0.0,9.917742327131407,inf,inf,GEOMETRICALLY_UNREACHABLE,GEOMETRICALLY_UNREACHABLE
43,0.12,0.06999982686116368,-8.043333856472956e-11,10.049482911350859,0.0,9.797742327131406,inf,inf,GEOMETRICALLY_UNREACHABLE,GEOMETRICALLY_UNREACHABLE
43,0.0,0.06999982686116368,-8.213864096855854e-11,9.92948291135086,0.0,9.677742327131405,inf,inf,GEOMETRICALLY_UNREACHABLE,GEOMETRICALLY_UNREACHABLE
44,0.7500000001562395,0.06999982686116368,-9.706003677960082e-11,8.879482927005206,0.0,8.627742342785751,inf,inf,GEOMETRICALLY_UNREACHABLE,GEOMETRICALLY_UNREACHABLE
44,0.72,0.06999982686116368,-9.748636238277838e-11,8.849482926848966,0.0,8.597742342629513,inf,inf,GEOMETRICALLY_UNREACHABLE,GEOMETRICALLY_UNREACHABLE
44,0.6,0.06999982686116368,-9.91916647866074e-11,8.729482926848966,0.0,8.477742342629512,inf,inf,GEOMETRICALLY_UNREACHABLE,GEOMETRICALLY_UNREACHABLE
44,0.48,0.06999982686116368,-1.0089696719043642e-10,8.609482926848965,0.0,8.35774234262951,inf,inf,GEOMETRICALLY_UNREACHABLE,GEOMETRICALLY_UNREACHABLE
44,0.36,0.0699998268611637,-1.0260226959426542e-10,8.489482926848966,0.0,8.237742342629513,inf,inf,GEOMETRICALLY_UNREACHABLE,GEOMETRICALLY_UNREACHABLE
44,0.24,0.06999982686116368,-1.0430757199809445e-10,8.369482926848967,0.0,8.117742342629512,inf,inf,GEOMETRICALLY_UNREACHABLE,GEOMETRICALLY_UNREACHABLE
44,0.12,0.06999982686116368,-1.0601287440192348e-10,8.249482926848968,0.0,7.997742342629514,inf,inf,GEOMETRICALLY_UNREACHABLE,GEOMETRICALLY_UNREACHABLE
44,0.0,0.0699998268611637,-1.0771817680575251e-10,8.129482926848967,0.0,7.877742342629513,inf,inf,GEOMETRICALLY_UNREACHABLE,GEOMETRICALLY_UNREACHABLE
45,0.38000000007916324,0.0699998268611637,-1.0988838138842983e-10,7.976768341250228,0.0,7.725027757030774,inf,inf,GEOMETRICALLY_UNREACHABLE,GEOMETRICALLY_UNREACHABLE
45,0.36,0.0699998268611637,-1.1017259845685964e-10,7.956768341171064,0.0,7.70502775695161,inf,inf,GEOMETRICALLY_UNREACHABLE,GEOMETRICALLY_UNREACHABLE
45,0.24,0.06999982686116368,-1.1187790086068867e-10,7.836768341171065,0.0,7.585027756951611,inf,inf,GEOMETRICALLY_UNREACHABLE,GEOMETRICALLY_UNREACHABLE
45,0.12,0.0699998268611637,-1.1358320326451768e-10,7.716768341171065,0.0,7.465027756951611,inf,inf,GEOMETRICALLY_UNREACHABLE,GEOMETRICALLY_UNREACHABLE
45,0.0,0.0699998268611637,-1.1528850566834669e-10,7.596768341171065,0.0,7.345027756951611,inf,inf,GEOMETRICALLY_UNREACHABLE,GEOMETRICALLY_UNREACHABLE
46,0.19000000003958206,0.0699998268611637,-1.1780787336934226e-10,7.4194835830890735,0.0,7.1677429988696195,inf,inf,GEOMETRICALLY_UNREACHABLE,GEOMETRICALLY_UNREACHABLE
46,0.12,0.0699998268611637,-1.1880263310547166e-10,7.349483583049492,0.0,7.097742998830038,inf,inf,GEOMETRICALLY_UNREACHABLE,GEOMETRICALLY_UNREACHABLE
46,0.0,0.0699998268611637,-1.2050793550930067e-10,7.2294835830494915,0.0,6.9777429988300375,inf,inf,GEOMETRICALLY_UNREACHABLE,GEOMETRICALLY_UNREACHABLE
47,0.7500000001562421,0.06999982686116368,-1.226395580908563e-10,7.079483964675459,0.0,6.827743380456005,inf,inf,GEOMETRICALLY_UNREACHABLE,GEOMETRICALLY_UNREACHABLE
47,0.72,0.06999982686116368,-1.230658836940339e-10,7.049483964519217,0.0,6.797743380299763,inf,inf,GEOMETRICALLY_UNREACHABLE,GEOMETRICALLY_UNREACHABLE
47,0.6,0.0699998268611637,-1.2477118609786288e-10,6.929483964519217,0.0,6.677743380299763,inf,inf,GEOMETRICALLY_UNREACHABLE,GEOMETRICALLY_UNREACHABLE
47,0.48,0.06999982686116368,-1.2647648850169192e-10,6.809483964519217,0.0,6.557743380299763,inf,inf,GEOMETRICALLY_UNREACHABLE,GEOMETRICALLY_UNREACHABLE
47,0.36,0.06999982686116368,-1.2818179090552093e-10,6.689483964519217,0.0,6.437743380299763,inf,inf,GEOMETRICALLY_UNREACHABLE,GEOMETRICALLY_UNREACHABLE
47,0.24,0.0699998268611637,-1.2988709330934994e-10,6.569483964519217,0.0,6.317743380299763,inf,inf,GEOMETRICALLY_UNREACHABLE,GEOMETRICALLY_UNREACHABLE
47,0.12,0.0699998268611637,-1.3159239571317897e-10,6.449483964519217,0.0,6.197743380299763,inf,inf,GEOMETRICALLY_UNREACHABLE,GEOMETRICALLY_UNREACHABLE
47,0.0,0.0699998268611637,-1.33297698117008e-10,6.329483964519217,0.0,6.077743380299763,inf,inf,GEOMETRICALLY_UNREACHABLE,GEOMETRICALLY_UNREACHABLE
48,0.3309462450628141,0.06346933849675263,-1.4139805847625772e-10,5.759484479364054,0.0,5.5077438951446,inf,inf,GEOMETRICALLY_UNREACHABLE,GEOMETRICALLY_UNREACHABLE
48,0.24,0.06999982686116368,-1.4267685591705714e-10,5.669484345988948,0.0,5.417743761769494,inf,inf,GEOMETRICALLY_UNREACHABLE,GEOMETRICALLY_UNREACHABLE
48,0.12,0.06999982686116368,-1.443821583208862e-10,5.549484345988948,0.0,5.297743761769494,inf,inf,GEOMETRICALLY_UNREACHABLE,GEOMETRICALLY_UNREACHABLE
48,0.0,0.06999982686116368,-1.4608746072471523e-10,5.429484345988948,0.0,5.177743761769494,inf,inf,GEOMETRICALLY_UNREACHABLE,GEOMETRICALLY_UNREACHABLE
49,0.6900000001437423,0.0699998268611637,-1.482861210346565e-10,5.274767366407765,0.0,5.023026782188311,inf,inf,GEOMETRICALLY_UNREACHABLE,GEOMETRICALLY_UNREACHABLE
49,0.6,0.06999982686116368,-1.49565097839571e-10,5.1847673662640235,0.0,4.9330267820445695,inf,inf,GEOMETRICALLY_UNREACHABLE,GEOMETRICALLY_UNREACHABLE
49,0.48,0.06999982686116368,-1.5127040024339997e-10,5.0647673662640225,0.0,4.8130267820445685,inf,inf,GEOMETRICALLY_UNREACHABLE,GEOMETRICALLY_UNREACHABLE
49,0.36,0.06999982686116368,-1.52975702647229e-10,4.944767366264023,0.0,4.693026782044569,inf,inf,GEOMETRICALLY_UNREACHABLE,GEOMETRICALLY_UNREACHABLE
49,0.24,0.06999982686116368,-1.5468100505105804e-10,4.824767366264023,0.0,4.573026782044569,inf,inf,GEOMETRICALLY_UNREACHABLE,GEOMETRICALLY_UNREACHABLE
49,0.12,0.06999982686116368,-1.5638630745488708e-10,4.704767366264022,0.0,4.453026782044568,inf,inf,GEOMETRICALLY_UNREACHABLE,GEOMETRICALLY_UNREACHABLE
49,0.0,0.06999982686116368,-1.5809160985871606e-10,4.584767366264023,0.0,4.333026782044569,inf,inf,GEOMETRICALLY_UNREACHABLE,GEOMETRICALLY_UNREACHABLE
50,0.7500000001562408,0.06999982686116368,-1.6100888668180823e-10,4.37948224030336,0.0,4.127741656083906,inf,inf,GEOMETRICALLY_UNREACHABLE,GEOMETRICALLY_UNREACHABLE
50,0.72,0.06999982686116368,-1.6143521228498579e-10,4.349482240147119,0.0,4.097741655927665,inf,inf,GEOMETRICALLY_UNREACHABLE,GEOMETRICALLY_UNREACHABLE
50,0.6,0.06999982686116368,-1.6314051468881485e-10,4.229482240147119,0.0,3.977741655927665,inf,inf,GEOMETRICALLY_UNREACHABLE,GEOMETRICALLY_UNREACHABLE
50,0.48,0.06999982686116368,-1.6484581709264388e-10,4.109482240147119,0.0,3.857741655927665,inf,inf,GEOMETRICALLY_UNREACHABLE,GEOMETRICALLY_UNREACHABLE
50,0.36,0.0699998268611637,-1.6655111949647286e-10,3.989482240147119,0.0,3.737741655927665,inf,inf,GEOMETRICALLY_UNREACHABLE,GEOMETRICALLY_UNREACHABLE
50,0.24,0.06999982686116368,-1.6825642190030187e-10,3.869482240147119,0.0,3.617741655927665,inf,inf,GEOMETRICALLY_UNREACHABLE,GEOMETRICALLY_UNREACHABLE
50,0.12,0.06999982686116368,-1.6996172430413088e-10,3.749482240147119,0.0,3.497741655927665,inf,inf,GEOMETRICALLY_UNREACHABLE,GEOMETRICALLY_UNREACHABLE
50,0.0,0.0699998268611637,-1.7166702670795991e-10,3.629482240147119,0.0,3.377741655927665,inf,inf,GEOMETRICALLY_UNREACHABLE,GEOMETRICALLY_UNREACHABLE
51,0.32000000006666296,0.06999982686116368,-1.7380879592233766e-10,3.4787686158959326,0.0,3.2270280316764786,inf,inf,GEOMETRICALLY_UNREACHABLE,GEOMETRICALLY_UNREACHABLE
51,0.24,0.06999982686116368,-1.7494566419250435e-10,3.3987686158292694,0.0,3.1470280316098154,inf,inf,GEOMETRICALLY_UNREACHABLE,GEOMETRICALLY_UNREACHABLE
51,0.12,0.06999982686116368,-1.766509665963334e-10,3.2787686158292697,0.0,3.0270280316098157,inf,inf,GEOMETRICALLY_UNREACHABLE,GEOMETRICALLY_UNREACHABLE
51,0.0,0.06999982686116368,-1.783562690001624e-10,3.1587686158292696,0.0,2.9070280316098156,inf,inf,GEOMETRICALLY_UNREACHABLE,GEOMETRICALLY_UNREACHABLE
52,0.11092507349411254,0.06292342431891138,-1.8289377613923477e-10,2.8394837275224956,0.0,2.5877431433030416,inf,inf,GEOMETRICALLY_UNREACHABLE,GEOMETRICALLY_UNREACHABLE
52,0.0,0.06999982686116368,-1.8445677565288878e-10,2.7294835830494937,0.0,2.4777429988300397,inf,inf,GEOMETRICALLY_UNREACHABLE,GEOMETRICALLY_UNREACHABLE
53,0.7500000001563738,0.06999982686116368,-1.8658839992850823e-10,2.579483845466307,0.0,2.327743261246853,inf,inf,GEOMETRICALLY_UNREACHABLE,GEOMETRICALLY_UNREACHABLE
53,0.72,0.06999982686116368,-1.8701472553168765e-10,2.549483845309933,0.0,2.297743261090479,inf,inf,GEOMETRICALLY_UNREACHABLE,GEOMETRICALLY_UNREACHABLE
53,0.6,0.06999982686116368,-1.8872002793551668e-10,2.429483845309933,0.0,2.177743261090479,inf,inf,GEOMETRICALLY_UNREACHABLE,GEOMETRICALLY_UNREACHABLE
53,0.48,0.06999982686116368,-1.9042533033934572e-10,2.3094838453099333,0.0,2.0577432610904793,inf,inf,GEOMETRICALLY_UNREACHABLE,GEOMETRICALLY_UNREACHABLE
53,0.36,0.0699998268611637,-1.9213063274317472e-10,2.1894838453099332,0.0,1.9377432610904792,inf,inf,GEOMETRICALLY_UNREACHABLE,GEOMETRICALLY_UNREACHABLE
53,0.24,0.06999982686116368,-1.9383593514700373e-10,2.069483845309933,0.0,1.8177432610904791,inf,inf,GEOMETRICALLY_UNREACHABLE,GEOMETRICALLY_UNREACHABLE
53,0.12,0.06999982686116368,-1.9554123755083277e-10,1.9494838453099332,0.0,1.6977432610904792,0.8876729993342535,74.33592959470394,IK_POSITION_ERROR,IK_POSITION_ERROR
53,0.12,0.06999982686116368,-1.9554123755083277e-10,1.9494838453099332,0.19634954084936207,1.6977432610904792,0.8876729993342535,74.33592959470396,IK_POSITION_ERROR,IK_POSITION_ERROR
53,0.12,0.06999982686116368,-1.9554123755083277e-10,1.9494838453099332,0.39269908169872414,1.6977432610904792,0.8876729993342535,74.33592959470394,IK_POSITION_ERROR,IK_POSITION_ERROR
53,0.12,0.06999982686116368,-1.9554123755083277e-10,1.9494838453099332,0.5890486225480862,1.6977432610904792,0.8876729993342535,74.33592959470396,IK_POSITION_ERROR,IK_POSITION_ERROR
53,0.12,0.06999982686116368,-1.9554123755083277e-10,1.9494838453099332,0.7853981633974483,1.6977432610904792,0.8876729993342535,74.33592959470396,IK_POSITION_ERROR,IK_POSITION_ERROR
53,0.12,0.06999982686116368,-1.9554123755083277e-10,1.9494838453099332,0.9817477042468103,1.6977432610904792,0.8876729993342535,74.33592959470394,IK_POSITION_ERROR,IK_POSITION_ERROR
53,0.12,0.06999982686116368,-1.9554123755083277e-10,1.9494838453099332,1.1780972450961724,1.6977432610904792,0.8876729993342535,74.33592959470394,IK_POSITION_ERROR,IK_POSITION_ERROR
53,0.12,0.06999982686116368,-1.9554123755083277e-10,1.9494838453099332,1.3744467859455345,1.6977432610904792,0.8876729993342535,74.33592959470394,IK_POSITION_ERROR,IK_POSITION_ERROR
53,0.12,0.06999982686116368,-1.9554123755083277e-10,1.9494838453099332,1.5707963267948966,1.6977432610904792,0.8876729993342535,74.33592959470397,IK_POSITION_ERROR,IK_POSITION_ERROR
53,0.12,0.06999982686116368,-1.9554123755083277e-10,1.9494838453099332,1.7671458676442586,1.6977432610904792,0.8876729993342535,74.33592959470394,IK_POSITION_ERROR,IK_POSITION_ERROR
53,0.12,0.06999982686116368,-1.9554123755083277e-10,1.9494838453099332,1.9634954084936207,1.6977432610904792,0.8876729993342535,74.33592959470394,IK_POSITION_ERROR,IK_POSITION_ERROR
53,0.12,0.06999982686116368,-1.9554123755083277e-10,1.9494838453099332,2.1598449493429825,1.6977432610904792,0.8876729993342535,74.33592959470396,IK_POSITION_ERROR,IK_POSITION_ERROR
53,0.12,0.06999982686116368,-1.9554123755083277e-10,1.9494838453099332,2.356194490192345,1.6977432610904792,0.8876729993342535,74.33592959470396,IK_POSITION_ERROR,IK_POSITION_ERROR
53,0.12,0.06999982686116368,-1.9554123755083277e-10,1.9494838453099332,2.552544031041707,1.6977432610904792,0.8876729993342535,74.33592959470394,IK_POSITION_ERROR,IK_POSITION_ERROR
53,0.12,0.06999982686116368,-1.9554123755083277e-10,1.9494838453099332,2.748893571891069,1.6977432610904792,0.8876729993342535,74.33592959470397,IK_POSITION_ERROR,IK_POSITION_ERROR
53,0.12,0.06999982686116368,-1.9554123755083277e-10,1.9494838453099332,2.945243112740431,1.6977432610904792,0.8876729993342535,74.33592959470396,IK_POSITION_ERROR,IK_POSITION_ERROR
53,0.12,0.06999982686116368,-1.9554123755083277e-10,1.9494838453099332,3.141592653589793,1.6977432610904792,0.8876729993342535,74.33592959470394,IK_POSITION_ERROR,IK_POSITION_ERROR
53,0.12,0.06999982686116368,-1.9554123755083277e-10,1.9494838453099332,3.3379421944391554,1.6977432610904792,0.8876729993342535,74.33592959470396,IK_POSITION_ERROR,IK_POSITION_ERROR
53,0.12,0.06999982686116368,-1.9554123755083277e-10,1.9494838453099332,3.5342917352885173,1.6977432610904792,0.8876729993342535,74.33592959470394,IK_POSITION_ERROR,IK_POSITION_ERROR
53,0.12,0.06999982686116368,-1.9554123755083277e-10,1.9494838453099332,3.730641276137879,1.6977432610904792,0.8876729993342535,74.33592959470396,IK_POSITION_ERROR,IK_POSITION_ERROR
53,0.12,0.06999982686116368,-1.9554123755083277e-10,1.9494838453099332,3.9269908169872414,1.6977432610904792,0.8876729993342535,74.33592959470396,IK_POSITION_ERROR,IK_POSITION_ERROR
53,0.12,0.06999982686116368,-1.9554123755083277e-10,1.9494838453099332,4.123340357836604,1.6977432610904792,0.8876729993342535,74.33592959470394,IK_POSITION_ERROR,IK_POSITION_ERROR
53,0.12,0.06999982686116368,-1.9554123755083277e-10,1.9494838453099332,4.319689898685965,1.6977432610904792,0.8876729993342535,74.33592959470394,IK_POSITION_ERROR,IK_POSITION_ERROR
53,0.12,0.06999982686116368,-1.9554123755083277e-10,1.9494838453099332,4.516039439535327,1.6977432610904792,0.8876729993342535,74.33592959470394,IK_POSITION_ERROR,IK_POSITION_ERROR
53,0.12,0.06999982686116368,-1.9554123755083277e-10,1.9494838453099332,4.71238898038469,1.6977432610904792,0.8876729993342535,74.33592959470394,IK_POSITION_ERROR,IK_POSITION_ERROR
53,0.12,0.06999982686116368,-1.9554123755083277e-10,1.9494838453099332,4.908738521234052,1.6977432610904792,0.8876729993342535,74.33592959470394,IK_POSITION_ERROR,IK_POSITION_ERROR
53,0.12,0.06999982686116368,-1.9554123755083277e-10,1.9494838453099332,5.105088062083414,1.6977432610904792,0.8876729993342535,74.33592959470394,IK_POSITION_ERROR,IK_POSITION_ERROR
53,0.12,0.06999982686116368,-1.9554123755083277e-10,1.9494838453099332,5.301437602932776,1.6977432610904792,0.8876729993342535,74.33592959470394,IK_POSITION_ERROR,IK_POSITION_ERROR
53,0.12,0.06999982686116368,-1.9554123755083277e-10,1.9494838453099332,5.497787143782138,1.6977432610904792,0.8876729993342535,74.33592959470394,IK_POSITION_ERROR,IK_POSITION_ERROR
53,0.12,0.06999982686116368,-1.9554123755083277e-10,1.9494838453099332,5.6941366846315,1.6977432610904792,0.8876729993342535,74.33592959470394,IK_POSITION_ERROR,IK_POSITION_ERROR
53,0.12,0.06999982686116368,-1.9554123755083277e-10,1.9494838453099332,5.890486225480862,1.6977432610904792,0.8876729993342535,74.33592959470396,IK_POSITION_ERROR,IK_POSITION_ERROR
53,0.12,0.06999982686116368,-1.9554123755083277e-10,1.9494838453099332,6.086835766330224,1.6977432610904792,0.8876729993342535,74.33592959470394,IK_POSITION_ERROR,IK_POSITION_ERROR
53,0.0,0.06999982686116368,-1.972465399546618e-10,1.8294838453099331,0.0,1.5777432610904791,0.7754818343185946,64.90976942519917,IK_POSITION_ERROR,IK_POSITION_ERROR
53,0.0,0.06999982686116368,-1.972465399546618e-10,1.8294838453099331,0.19634954084936207,1.5777432610904791,0.7754818343185946,64.90976942519919,IK_POSITION_ERROR,IK_POSITION_ERROR
53,0.0,0.06999982686116368,-1.972465399546618e-10,1.8294838453099331,0.39269908169872414,1.5777432610904791,0.7754818343185946,64.90976942519917,IK_POSITION_ERROR,IK_POSITION_ERROR
53,0.0,0.06999982686116368,-1.972465399546618e-10,1.8294838453099331,0.5890486225480862,1.5777432610904791,0.7754818343185946,64.90976942519919,IK_POSITION_ERROR,IK_POSITION_ERROR
53,0.0,0.06999982686116368,-1.972465399546618e-10,1.8294838453099331,0.7853981633974483,1.5777432610904791,0.7754818343185946,64.90976942519919,IK_POSITION_ERROR,IK_POSITION_ERROR
53,0.0,0.06999982686116368,-1.972465399546618e-10,1.8294838453099331,0.9817477042468103,1.5777432610904791,0.7754818343185946,64.90976942519917,IK_POSITION_ERROR,IK_POSITION_ERROR
53,0.0,0.06999982686116368,-1.972465399546618e-10,1.8294838453099331,1.1780972450961724,1.5777432610904791,0.7754818343185946,64.90976942519917,IK_POSITION_ERROR,IK_POSITION_ERROR
53,0.0,0.06999982686116368,-1.972465399546618e-10,1.8294838453099331,1.3744467859455345,1.5777432610904791,0.7754818343185946,64.90976942519917,IK_POSITION_ERROR,IK_POSITION_ERROR
53,0.0,0.06999982686116368,-1.972465399546618e-10,1.8294838453099331,1.5707963267948966,1.5777432610904791,0.7754818343185946,64.90976942519919,IK_POSITION_ERROR,IK_POSITION_ERROR
53,0.0,0.06999982686116368,-1.972465399546618e-10,1.8294838453099331,1.7671458676442586,1.5777432610904791,0.7754818343185946,64.90976942519917,IK_POSITION_ERROR,IK_POSITION_ERROR
53,0.0,0.06999982686116368,-1.972465399546618e-10,1.8294838453099331,1.9634954084936207,1.5777432610904791,0.7754818343185946,64.90976942519917,IK_POSITION_ERROR,IK_POSITION_ERROR
53,0.0,0.06999982686116368,-1.972465399546618e-10,1.8294838453099331,2.1598449493429825,1.5777432610904791,0.7754818343185946,64.90976942519919,IK_POSITION_ERROR,IK_POSITION_ERROR
53,0.0,0.06999982686116368,-1.972465399546618e-10,1.8294838453099331,2.356194490192345,1.5777432610904791,0.7754818343185946,64.90976942519919,IK_POSITION_ERROR,IK_POSITION_ERROR
53,0.0,0.06999982686116368,-1.972465399546618e-10,1.8294838453099331,2.552544031041707,1.5777432610904791,0.7754818343185946,64.90976942519917,IK_POSITION_ERROR,IK_POSITION_ERROR
53,0.0,0.06999982686116368,-1.972465399546618e-10,1.8294838453099331,2.748893571891069,1.5777432610904791,0.7754818343185946,64.90976942519919,IK_POSITION_ERROR,IK_POSITION_ERROR
53,0.0,0.06999982686116368,-1.972465399546618e-10,1.8294838453099331,2.945243112740431,1.5777432610904791,0.7754818343185946,64.90976942519919,IK_POSITION_ERROR,IK_POSITION_ERROR
53,0.0,0.06999982686116368,-1.972465399546618e-10,1.8294838453099331,3.141592653589793,1.5777432610904791,0.7754818343185946,64.90976942519917,IK_POSITION_ERROR,IK_POSITION_ERROR
53,0.0,0.06999982686116368,-1.972465399546618e-10,1.8294838453099331,3.3379421944391554,1.5777432610904791,0.7754818343185946,64.90976942519919,IK_POSITION_ERROR,IK_POSITION_ERROR
53,0.0,0.06999982686116368,-1.972465399546618e-10,1.8294838453099331,3.5342917352885173,1.5777432610904791,0.7754818343185946,64.90976942519917,IK_POSITION_ERROR,IK_POSITION_ERROR
53,0.0,0.06999982686116368,-1.972465399546618e-10,1.8294838453099331,3.730641276137879,1.5777432610904791,0.7754818343185946,64.90976942519919,IK_POSITION_ERROR,IK_POSITION_ERROR
53,0.0,0.06999982686116368,-1.972465399546618e-10,1.8294838453099331,3.9269908169872414,1.5777432610904791,0.7754818343185946,64.90976942519919,IK_POSITION_ERROR,IK_POSITION_ERROR
53,0.0,0.06999982686116368,-1.972465399546618e-10,1.8294838453099331,4.123340357836604,1.5777432610904791,0.7754818343185946,64.90976942519917,IK_POSITION_ERROR,IK_POSITION_ERROR
53,0.0,0.06999982686116368,-1.972465399546618e-10,1.8294838453099331,4.319689898685965,1.5777432610904791,0.7754818343185946,64.90976942519917,IK_POSITION_ERROR,IK_POSITION_ERROR
53,0.0,0.06999982686116368,-1.972465399546618e-10,1.8294838453099331,4.516039439535327,1.5777432610904791,0.7754818343185946,64.90976942519917,IK_POSITION_ERROR,IK_POSITION_ERROR
53,0.0,0.06999982686116368,-1.972465399546618e-10,1.8294838453099331,4.71238898038469,1.5777432610904791,0.7754818343185946,64.90976942519917,IK_POSITION_ERROR,IK_POSITION_ERROR
53,0.0,0.06999982686116368,-1.972465399546618e-10,1.8294838453099331,4.908738521234052,1.5777432610904791,0.7754818343185946,64.90976942519917,IK_POSITION_ERROR,IK_POSITION_ERROR
53,0.0,0.06999982686116368,-1.972465399546618e-10,1.8294838453099331,5.105088062083414,1.5777432610904791,0.7754818343185946,64.90976942519917,IK_POSITION_ERROR,IK_POSITION_ERROR
53,0.0,0.06999982686116368,-1.972465399546618e-10,1.8294838453099331,5.301437602932776,1.5777432610904791,0.7754818343185946,64.90976942519917,IK_POSITION_ERROR,IK_POSITION_ERROR
53,0.0,0.06999982686116368,-1.972465399546618e-10,1.8294838453099331,5.497787143782138,1.5777432610904791,0.7754818343185946,64.90976942519917,IK_POSITION_ERROR,IK_POSITION_ERROR
53,0.0,0.06999982686116368,-1.972465399546618e-10,1.8294838453099331,5.6941366846315,1.5777432610904791,0.7754818343185946,64.90976942519917,IK_POSITION_ERROR,IK_POSITION_ERROR
53,0.0,0.06999982686116368,-1.972465399546618e-10,1.8294838453099331,5.890486225480862,1.5777432610904791,0.7754818343185946,64.90976942519919,IK_POSITION_ERROR,IK_POSITION_ERROR
53,0.0,0.06999982686116368,-1.972465399546618e-10,1.8294838453099331,6.086835766330224,1.5777432610904791,0.7754818343185946,64.90976942519916,IK_POSITION_ERROR,IK_POSITION_ERROR
54,0.10000000002085119,0.0699998268611637,-1.9947360508305316e-10,1.672768054135947,0.0,1.421027469916493,0.6282427087995652,64.38039889154737,IK_POSITION_ERROR,IK_POSITION_ERROR
54,0.10000000002085119,0.0699998268611637,-1.9947360508305316e-10,1.672768054135947,0.19634954084936207,1.421027469916493,0.6282427087995652,64.38039889154739,IK_POSITION_ERROR,IK_POSITION_ERROR
54,0.10000000002085119,0.0699998268611637,-1.9947360508305316e-10,1.672768054135947,0.39269908169872414,1.421027469916493,0.6282427087995652,64.38039889154737,IK_POSITION_ERROR,IK_POSITION_ERROR
54,0.10000000002085119,0.0699998268611637,-1.9947360508305316e-10,1.672768054135947,0.5890486225480862,1.421027469916493,0.6282427087995652,64.38039889154739,IK_POSITION_ERROR,IK_POSITION_ERROR
54,0.10000000002085119,0.0699998268611637,-1.9947360508305316e-10,1.672768054135947,0.7853981633974483,1.421027469916493,0.6282427087995652,64.38039889154739,IK_POSITION_ERROR,IK_POSITION_ERROR
54,0.10000000002085119,0.0699998268611637,-1.9947360508305316e-10,1.672768054135947,0.9817477042468103,1.421027469916493,0.6282427087995652,64.38039889154737,IK_POSITION_ERROR,IK_POSITION_ERROR
54,0.10000000002085119,0.0699998268611637,-1.9947360508305316e-10,1.672768054135947,1.1780972450961724,1.421027469916493,0.6282427087995652,64.38039889154737,IK_POSITION_ERROR,IK_POSITION_ERROR
54,0.10000000002085119,0.0699998268611637,-1.9947360508305316e-10,1.672768054135947,1.3744467859455345,1.421027469916493,0.6282427087995652,64.38039889154737,IK_POSITION_ERROR,IK_POSITION_ERROR
54,0.10000000002085119,0.0699998268611637,-1.9947360508305316e-10,1.672768054135947,1.5707963267948966,1.421027469916493,0.6282427087995652,64.3803988915474,IK_POSITION_ERROR,IK_POSITION_ERROR
54,0.10000000002085119,0.0699998268611637,-1.9947360508305316e-10,1.672768054135947,1.7671458676442586,1.421027469916493,0.6282427087995652,64.38039889154737,IK_POSITION_ERROR,IK_POSITION_ERROR
54,0.10000000002085119,0.0699998268611637,-1.9947360508305316e-10,1.672768054135947,1.9634954084936207,1.421027469916493,0.6282427087995652,64.38039889154737,IK_POSITION_ERROR,IK_POSITION_ERROR
54,0.10000000002085119,0.0699998268611637,-1.9947360508305316e-10,1.672768054135947,2.1598449493429825,1.421027469916493,0.6282427087995652,64.38039889154739,IK_POSITION_ERROR,IK_POSITION_ERROR
54,0.10000000002085119,0.0699998268611637,-1.9947360508305316e-10,1.672768054135947,2.356194490192345,1.421027469916493,0.6282427087995652,64.38039889154739,IK_POSITION_ERROR,IK_POSITION_ERROR
54,0.10000000002085119,0.0699998268611637,-1.9947360508305316e-10,1.672768054135947,2.552544031041707,1.421027469916493,0.6282427087995652,64.38039889154737,IK_POSITION_ERROR,IK_POSITION_ERROR
54,0.10000000002085119,0.0699998268611637,-1.9947360508305316e-10,1.672768054135947,2.748893571891069,1.421027469916493,0.6282427087995652,64.3803988915474,IK_POSITION_ERROR,IK_POSITION_ERROR
54,0.10000000002085119,0.0699998268611637,-1.9947360508305316e-10,1.672768054135947,2.945243112740431,1.421027469916493,0.6282427087995652,64.38039889154739,IK_POSITION_ERROR,IK_POSITION_ERROR
54,0.10000000002085119,0.0699998268611637,-1.9947360508305316e-10,1.672768054135947,3.141592653589793,1.421027469916493,0.6282427087995652,64.38039889154737,IK_POSITION_ERROR,IK_POSITION_ERROR
54,0.10000000002085119,0.0699998268611637,-1.9947360508305316e-10,1.672768054135947,3.3379421944391554,1.421027469916493,0.6282427087995652,64.38039889154739,IK_POSITION_ERROR,IK_POSITION_ERROR
54,0.10000000002085119,0.0699998268611637,-1.9947360508305316e-10,1.672768054135947,3.5342917352885173,1.421027469916493,0.6282427087995652,64.38039889154737,IK_POSITION_ERROR,IK_POSITION_ERROR
54,0.10000000002085119,0.0699998268611637,-1.9947360508305316e-10,1.672768054135947,3.730641276137879,1.421027469916493,0.6282427087995652,64.38039889154739,IK_POSITION_ERROR,IK_POSITION_ERROR
54,0.10000000002085119,0.0699998268611637,-1.9947360508305316e-10,1.672768054135947,3.9269908169872414,1.421027469916493,0.6282427087995652,64.38039889154739,IK_POSITION_ERROR,IK_POSITION_ERROR
54,0.10000000002085119,0.0699998268611637,-1.9947360508305316e-10,1.672768054135947,4.123340357836604,1.421027469916493,0.6282427087995652,64.38039889154737,IK_POSITION_ERROR,IK_POSITION_ERROR
54,0.10000000002085119,0.0699998268611637,-1.9947360508305316e-10,1.672768054135947,4.319689898685965,1.421027469916493,0.6282427087995652,64.38039889154737,IK_POSITION_ERROR,IK_POSITION_ERROR
54,0.10000000002085119,0.0699998268611637,-1.9947360508305316e-10,1.672768054135947,4.516039439535327,1.421027469916493,0.6282427087995652,64.38039889154737,IK_POSITION_ERROR,IK_POSITION_ERROR
54,0.10000000002085119,0.0699998268611637,-1.9947360508305316e-10,1.672768054135947,4.71238898038469,1.421027469916493,0.6282427087995652,64.38039889154737,IK_POSITION_ERROR,IK_POSITION_ERROR
54,0.10000000002085119,0.0699998268611637,-1.9947360508305316e-10,1.672768054135947,4.908738521234052,1.421027469916493,0.6282427087995652,64.38039889154737,IK_POSITION_ERROR,IK_POSITION_ERROR
54,0.10000000002085119,0.0699998268611637,-1.9947360508305316e-10,1.672768054135947,5.105088062083414,1.421027469916493,0.6282427087995652,64.38039889154737,IK_POSITION_ERROR,IK_POSITION_ERROR
54,0.10000000002085119,0.0699998268611637,-1.9947360508305316e-10,1.672768054135947,5.301437602932776,1.421027469916493,0.6282427087995652,64.38039889154739,IK_POSITION_ERROR,IK_POSITION_ERROR
54,0.10000000002085119,0.0699998268611637,-1.9947360508305316e-10,1.672768054135947,5.497787143782138,1.421027469916493,0.6282427087995652,64.38039889154737,IK_POSITION_ERROR,IK_POSITION_ERROR
54,0.10000000002085119,0.0699998268611637,-1.9947360508305316e-10,1.672768054135947,5.6941366846315,1.421027469916493,0.6282427087995652,64.38039889154737,IK_POSITION_ERROR,IK_POSITION_ERROR
54,0.10000000002085119,0.0699998268611637,-1.9947360508305316e-10,1.672768054135947,5.890486225480862,1.421027469916493,0.6282427087995652,64.38039889154739,IK_POSITION_ERROR,IK_POSITION_ERROR
54,0.10000000002085119,0.0699998268611637,-1.9947360508305316e-10,1.672768054135947,6.086835766330224,1.421027469916493,0.6282427087995652,64.38039889154736,IK_POSITION_ERROR,IK_POSITION_ERROR
54,0.0,0.0699998268611637,-2.0089469041987364e-10,1.572768054115096,0.0,1.321027469895642,0.5369144914301107,63.920446923404604,IK_POSITION_ERROR,IK_POSITION_ERROR
54,0.0,0.0699998268611637,-2.0089469041987364e-10,1.572768054115096,0.19634954084936207,1.321027469895642,0.5369144914301107,63.92044692340462,IK_POSITION_ERROR,IK_POSITION_ERROR
54,0.0,0.0699998268611637,-2.0089469041987364e-10,1.572768054115096,0.39269908169872414,1.321027469895642,0.5369144914301107,63.920446923404604,IK_POSITION_ERROR,IK_POSITION_ERROR
54,0.0,0.0699998268611637,-2.0089469041987364e-10,1.572768054115096,0.5890486225480862,1.321027469895642,0.5369144914301107,63.92044692340462,IK_POSITION_ERROR,IK_POSITION_ERROR
54,0.0,0.0699998268611637,-2.0089469041987364e-10,1.572768054115096,0.7853981633974483,1.321027469895642,0.5369144914301107,63.92044692340462,IK_POSITION_ERROR,IK_POSITION_ERROR
54,0.0,0.0699998268611637,-2.0089469041987364e-10,1.572768054115096,0.9817477042468103,1.321027469895642,0.5369144914301107,63.920446923404604,IK_POSITION_ERROR,IK_POSITION_ERROR
54,0.0,0.0699998268611637,-2.0089469041987364e-10,1.572768054115096,1.1780972450961724,1.321027469895642,0.5369144914301107,63.920446923404604,IK_POSITION_ERROR,IK_POSITION_ERROR
54,0.0,0.0699998268611637,-2.0089469041987364e-10,1.572768054115096,1.3744467859455345,1.321027469895642,0.5369144914301107,63.920446923404604,IK_POSITION_ERROR,IK_POSITION_ERROR
54,0.0,0.0699998268611637,-2.0089469041987364e-10,1.572768054115096,1.5707963267948966,1.321027469895642,0.5369144914301107,63.920446923404626,IK_POSITION_ERROR,IK_POSITION_ERROR
54,0.0,0.0699998268611637,-2.0089469041987364e-10,1.572768054115096,1.7671458676442586,1.321027469895642,0.5369144914301107,63.920446923404604,IK_POSITION_ERROR,IK_POSITION_ERROR
54,0.0,0.0699998268611637,-2.0089469041987364e-10,1.572768054115096,1.9634954084936207,1.321027469895642,0.5369144914301107,63.920446923404604,IK_POSITION_ERROR,IK_POSITION_ERROR
54,0.0,0.0699998268611637,-2.0089469041987364e-10,1.572768054115096,2.1598449493429825,1.321027469895642,0.5369144914301107,63.92044692340462,IK_POSITION_ERROR,IK_POSITION_ERROR
54,0.0,0.0699998268611637,-2.0089469041987364e-10,1.572768054115096,2.356194490192345,1.321027469895642,0.5369144914301107,63.92044692340462,IK_POSITION_ERROR,IK_POSITION_ERROR
54,0.0,0.0699998268611637,-2.0089469041987364e-10,1.572768054115096,2.552544031041707,1.321027469895642,0.5369144914301107,63.920446923404604,IK_POSITION_ERROR,IK_POSITION_ERROR
54,0.0,0.0699998268611637,-2.0089469041987364e-10,1.572768054115096,2.748893571891069,1.321027469895642,0.5369144914301107,63.920446923404626,IK_POSITION_ERROR,IK_POSITION_ERROR
54,0.0,0.0699998268611637,-2.0089469041987364e-10,1.572768054115096,2.945243112740431,1.321027469895642,0.5369144914301107,63.92044692340462,IK_POSITION_ERROR,IK_POSITION_ERROR
54,0.0,0.0699998268611637,-2.0089469041987364e-10,1.572768054115096,3.141592653589793,1.321027469895642,0.5369144914301107,63.920446923404604,IK_POSITION_ERROR,IK_POSITION_ERROR
54,0.0,0.0699998268611637,-2.0089469041987364e-10,1.572768054115096,3.3379421944391554,1.321027469895642,0.5369144914301107,63.92044692340462,IK_POSITION_ERROR,IK_POSITION_ERROR
54,0.0,0.0699998268611637,-2.0089469041987364e-10,1.572768054115096,3.5342917352885173,1.321027469895642,0.5369144914301107,63.920446923404604,IK_POSITION_ERROR,IK_POSITION_ERROR
54,0.0,0.0699998268611637,-2.0089469041987364e-10,1.572768054115096,3.730641276137879,1.321027469895642,0.5369144914301107,63.92044692340462,IK_POSITION_ERROR,IK_POSITION_ERROR
54,0.0,0.0699998268611637,-2.0089469041987364e-10,1.572768054115096,3.9269908169872414,1.321027469895642,0.5369144914301107,63.92044692340462,IK_POSITION_ERROR,IK_POSITION_ERROR
54,0.0,0.0699998268611637,-2.0089469041987364e-10,1.572768054115096,4.123340357836604,1.321027469895642,0.5369144914301107,63.920446923404604,IK_POSITION_ERROR,IK_POSITION_ERROR
54,0.0,0.0699998268611637,-2.0089469041987364e-10,1.572768054115096,4.319689898685965,1.321027469895642,0.5369144914301107,63.920446923404604,IK_POSITION_ERROR,IK_POSITION_ERROR
54,0.0,0.0699998268611637,-2.0089469041987364e-10,1.572768054115096,4.516039439535327,1.321027469895642,0.5369144914301107,63.920446923404604,IK_POSITION_ERROR,IK_POSITION_ERROR
54,0.0,0.0699998268611637,-2.0089469041987364e-10,1.572768054115096,4.71238898038469,1.321027469895642,0.5369144914301107,63.920446923404604,IK_POSITION_ERROR,IK_POSITION_ERROR
54,0.0,0.0699998268611637,-2.0089469041987364e-10,1.572768054115096,4.908738521234052,1.321027469895642,0.5369144914301107,63.920446923404604,IK_POSITION_ERROR,IK_POSITION_ERROR
54,0.0,0.0699998268611637,-2.0089469041987364e-10,1.572768054115096,5.105088062083414,1.321027469895642,0.5369144914301107,63.920446923404604,IK_POSITION_ERROR,IK_POSITION_ERROR
54,0.0,0.0699998268611637,-2.0089469041987364e-10,1.572768054115096,5.301437602932776,1.321027469895642,0.5369144914301107,63.920446923404604,IK_POSITION_ERROR,IK_POSITION_ERROR
54,0.0,0.0699998268611637,-2.0089469041987364e-10,1.572768054115096,5.497787143782138,1.321027469895642,0.5369144914301107,63.920446923404604,IK_POSITION_ERROR,IK_POSITION_ERROR
54,0.0,0.0699998268611637,-2.0089469041987364e-10,1.572768054115096,5.6941366846315,1.321027469895642,0.5369144914301107,63.920446923404604,IK_POSITION_ERROR,IK_POSITION_ERROR
54,0.0,0.0699998268611637,-2.0089469041987364e-10,1.572768054115096,5.890486225480862,1.321027469895642,0.5369144914301107,63.92044692340462,IK_POSITION_ERROR,IK_POSITION_ERROR
54,0.0,0.0699998268611637,-2.0089469041987364e-10,1.572768054115096,6.086835766330224,1.321027469895642,0.5369144914301107,63.92044692340459,IK_POSITION_ERROR,IK_POSITION_ERROR
55,0.28000000005838066,0.0699998268611637,-2.0332145149980322e-10,1.4019999082791033,0.0,1.1502593240596493,0.3811484207433024,59.92835116423348,IK_POSITION_ERROR,IK_POSITION_ERROR
55,0.28000000005838066,0.0699998268611637,-2.0332145149980322e-10,1.4019999082791033,0.19634954084936207,1.1502593240596493,0.3811484207433024,59.92835116423348,IK_POSITION_ERROR,IK_POSITION_ERROR
55,0.28000000005838066,0.0699998268611637,-2.0332145149980322e-10,1.4019999082791033,0.39269908169872414,1.1502593240596493,0.3811484207433024,59.92835116423348,IK_POSITION_ERROR,IK_POSITION_ERROR
55,0.28000000005838066,0.0699998268611637,-2.0332145149980322e-10,1.4019999082791033,0.5890486225480862,1.1502593240596493,0.3811484207433024,59.92835116423348,IK_POSITION_ERROR,IK_POSITION_ERROR
55,0.28000000005838066,0.0699998268611637,-2.0332145149980322e-10,1.4019999082791033,0.7853981633974483,1.1502593240596493,0.3811484207433024,59.92835116423348,IK_POSITION_ERROR,IK_POSITION_ERROR
55,0.28000000005838066,0.0699998268611637,-2.0332145149980322e-10,1.4019999082791033,0.9817477042468103,1.1502593240596493,0.3811484207433024,59.92835116423347,IK_POSITION_ERROR,IK_POSITION_ERROR
55,0.28000000005838066,0.0699998268611637,-2.0332145149980322e-10,1.4019999082791033,1.1780972450961724,1.1502593240596493,0.3811484207433024,59.92835116423348,IK_POSITION_ERROR,IK_POSITION_ERROR
55,0.28000000005838066,0.0699998268611637,-2.0332145149980322e-10,1.4019999082791033,1.3744467859455345,1.1502593240596493,0.3811484207433024,59.92835116423347,IK_POSITION_ERROR,IK_POSITION_ERROR
55,0.28000000005838066,0.0699998268611637,-2.0332145149980322e-10,1.4019999082791033,1.5707963267948966,1.1502593240596493,0.3811484207433024,59.9283511642335,IK_POSITION_ERROR,IK_POSITION_ERROR
55,0.28000000005838066,0.0699998268611637,-2.0332145149980322e-10,1.4019999082791033,1.7671458676442586,1.1502593240596493,0.3811484207433024,59.92835116423348,IK_POSITION_ERROR,IK_POSITION_ERROR
55,0.28000000005838066,0.0699998268611637,-2.0332145149980322e-10,1.4019999082791033,1.9634954084936207,1.1502593240596493,0.3811484207433024,59.92835116423348,IK_POSITION_ERROR,IK_POSITION_ERROR
55,0.28000000005838066,0.0699998268611637,-2.0332145149980322e-10,1.4019999082791033,2.1598449493429825,1.1502593240596493,0.3811484207433024,59.92835116423348,IK_POSITION_ERROR,IK_POSITION_ERROR
55,0.28000000005838066,0.0699998268611637,-2.0332145149980322e-10,1.4019999082791033,2.356194490192345,1.1502593240596493,0.3811484207433024,59.92835116423348,IK_POSITION_ERROR,IK_POSITION_ERROR
55,0.28000000005838066,0.0699998268611637,-2.0332145149980322e-10,1.4019999082791033,2.552544031041707,1.1502593240596493,0.3811484207433024,59.92835116423348,IK_POSITION_ERROR,IK_POSITION_ERROR
55,0.28000000005838066,0.0699998268611637,-2.0332145149980322e-10,1.4019999082791033,2.748893571891069,1.1502593240596493,0.3811484207433024,59.9283511642335,IK_POSITION_ERROR,IK_POSITION_ERROR
55,0.28000000005838066,0.0699998268611637,-2.0332145149980322e-10,1.4019999082791033,2.945243112740431,1.1502593240596493,0.3811484207433024,59.92835116423348,IK_POSITION_ERROR,IK_POSITION_ERROR
55,0.28000000005838066,0.0699998268611637,-2.0332145149980322e-10,1.4019999082791033,3.141592653589793,1.1502593240596493,0.3811484207433024,59.92835116423348,IK_POSITION_ERROR,IK_POSITION_ERROR
55,0.28000000005838066,0.0699998268611637,-2.0332145149980322e-10,1.4019999082791033,3.3379421944391554,1.1502593240596493,0.3811484207433024,59.92835116423348,IK_POSITION_ERROR,IK_POSITION_ERROR
55,0.28000000005838066,0.0699998268611637,-2.0332145149980322e-10,1.4019999082791033,3.5342917352885173,1.1502593240596493,0.3811484207433024,59.92835116423348,IK_POSITION_ERROR,IK_POSITION_ERROR
55,0.28000000005838066,0.0699998268611637,-2.0332145149980322e-10,1.4019999082791033,3.730641276137879,1.1502593240596493,0.3811484207433024,59.92835116423348,IK_POSITION_ERROR,IK_POSITION_ERROR
55,0.28000000005838066,0.0699998268611637,-2.0332145149980322e-10,1.4019999082791033,3.9269908169872414,1.1502593240596493,0.3811484207433024,59.92835116423348,IK_POSITION_ERROR,IK_POSITION_ERROR
55,0.28000000005838066,0.0699998268611637,-2.0332145149980322e-10,1.4019999082791033,4.123340357836604,1.1502593240596493,0.3811484207433024,59.92835116423348,IK_POSITION_ERROR,IK_POSITION_ERROR
55,0.28000000005838066,0.0699998268611637,-2.0332145149980322e-10,1.4019999082791033,4.319689898685965,1.1502593240596493,0.3811484207433024,59.92835116423348,IK_POSITION_ERROR,IK_POSITION_ERROR
55,0.28000000005838066,0.0699998268611637,-2.0332145149980322e-10,1.4019999082791033,4.516039439535327,1.1502593240596493,0.3811484207433024,59.92835116423348,IK_POSITION_ERROR,IK_POSITION_ERROR
55,0.28000000005838066,0.0699998268611637,-2.0332145149980322e-10,1.4019999082791033,4.71238898038469,1.1502593240596493,0.3811484207433024,59.92835116423347,IK_POSITION_ERROR,IK_POSITION_ERROR
55,0.28000000005838066,0.0699998268611637,-2.0332145149980322e-10,1.4019999082791033,4.908738521234052,1.1502593240596493,0.3811484207433024,59.92835116423348,IK_POSITION_ERROR,IK_POSITION_ERROR
55,0.28000000005838066,0.0699998268611637,-2.0332145149980322e-10,1.4019999082791033,5.105088062083414,1.1502593240596493,0.3811484207433024,59.92835116423347,IK_POSITION_ERROR,IK_POSITION_ERROR
55,0.28000000005838066,0.0699998268611637,-2.0332145149980322e-10,1.4019999082791033,5.301437602932776,1.1502593240596493,0.3811484207433024,59.92835116423348,IK_POSITION_ERROR,IK_POSITION_ERROR
55,0.28000000005838066,0.0699998268611637,-2.0332145149980322e-10,1.4019999082791033,5.497787143782138,1.1502593240596493,0.3811484207433024,59.92835116423348,IK_POSITION_ERROR,IK_POSITION_ERROR
55,0.28000000005838066,0.0699998268611637,-2.0332145149980322e-10,1.4019999082791033,5.6941366846315,1.1502593240596493,0.3811484207433024,59.92835116423348,IK_POSITION_ERROR,IK_POSITION_ERROR
55,0.28000000005838066,0.0699998268611637,-2.0332145149980322e-10,1.4019999082791033,5.890486225480862,1.1502593240596493,0.3811484207433024,59.92835116423348,IK_POSITION_ERROR,IK_POSITION_ERROR
55,0.28000000005838066,0.0699998268611637,-2.0332145149980322e-10,1.4019999082791033,6.086835766330224,1.1502593240596493,0.3811484207433024,59.928351164233455,IK_POSITION_ERROR,IK_POSITION_ERROR
55,0.24,0.0699998268611637,-2.0388988563524246e-10,1.3619999082207226,0.0,1.1102593240012686,0.3459006786199285,59.37536148966558,IK_POSITION_ERROR,IK_POSITION_ERROR
55,0.24,0.0699998268611637,-2.0388988563524246e-10,1.3619999082207226,0.19634954084936207,1.1102593240012686,0.3459006786199285,59.37536148966558,IK_POSITION_ERROR,IK_POSITION_ERROR
55,0.24,0.0699998268611637,-2.0388988563524246e-10,1.3619999082207226,0.39269908169872414,1.1102593240012686,0.3459006786199285,59.37536148966558,IK_POSITION_ERROR,IK_POSITION_ERROR
55,0.24,0.0699998268611637,-2.0388988563524246e-10,1.3619999082207226,0.5890486225480862,1.1102593240012686,0.3459006786199285,59.37536148966558,IK_POSITION_ERROR,IK_POSITION_ERROR
55,0.24,0.0699998268611637,-2.0388988563524246e-10,1.3619999082207226,0.7853981633974483,1.1102593240012686,0.3459006786199285,59.37536148966558,IK_POSITION_ERROR,IK_POSITION_ERROR
55,0.24,0.0699998268611637,-2.0388988563524246e-10,1.3619999082207226,0.9817477042468103,1.1102593240012686,0.3459006786199285,59.375361489665565,IK_POSITION_ERROR,IK_POSITION_ERROR
55,0.24,0.0699998268611637,-2.0388988563524246e-10,1.3619999082207226,1.1780972450961724,1.1102593240012686,0.3459006786199285,59.37536148966558,IK_POSITION_ERROR,IK_POSITION_ERROR
55,0.24,0.0699998268611637,-2.0388988563524246e-10,1.3619999082207226,1.3744467859455345,1.1102593240012686,0.3459006786199285,59.375361489665565,IK_POSITION_ERROR,IK_POSITION_ERROR
55,0.24,0.0699998268611637,-2.0388988563524246e-10,1.3619999082207226,1.5707963267948966,1.1102593240012686,0.3459006786199285,59.3753614896656,IK_POSITION_ERROR,IK_POSITION_ERROR
55,0.24,0.0699998268611637,-2.0388988563524246e-10,1.3619999082207226,1.7671458676442586,1.1102593240012686,0.3459006786199285,59.37536148966558,IK_POSITION_ERROR,IK_POSITION_ERROR
55,0.24,0.0699998268611637,-2.0388988563524246e-10,1.3619999082207226,1.9634954084936207,1.1102593240012686,0.3459006786199285,59.37536148966558,IK_POSITION_ERROR,IK_POSITION_ERROR
55,0.24,0.0699998268611637,-2.0388988563524246e-10,1.3619999082207226,2.1598449493429825,1.1102593240012686,0.3459006786199285,59.37536148966558,IK_POSITION_ERROR,IK_POSITION_ERROR
55,0.24,0.0699998268611637,-2.0388988563524246e-10,1.3619999082207226,2.356194490192345,1.1102593240012686,0.3459006786199285,59.37536148966558,IK_POSITION_ERROR,IK_POSITION_ERROR
55,0.24,0.0699998268611637,-2.0388988563524246e-10,1.3619999082207226,2.552544031041707,1.1102593240012686,0.3459006786199285,59.37536148966558,IK_POSITION_ERROR,IK_POSITION_ERROR
55,0.24,0.0699998268611637,-2.0388988563524246e-10,1.3619999082207226,2.748893571891069,1.1102593240012686,0.3459006786199285,59.3753614896656,IK_POSITION_ERROR,IK_POSITION_ERROR
55,0.24,0.0699998268611637,-2.0388988563524246e-10,1.3619999082207226,2.945243112740431,1.1102593240012686,0.3459006786199285,59.37536148966558,IK_POSITION_ERROR,IK_POSITION_ERROR
55,0.24,0.0699998268611637,-2.0388988563524246e-10,1.3619999082207226,3.141592653589793,1.1102593240012686,0.3459006786199285,59.37536148966558,IK_POSITION_ERROR,IK_POSITION_ERROR
55,0.24,0.0699998268611637,-2.0388988563524246e-10,1.3619999082207226,3.3379421944391554,1.1102593240012686,0.3459006786199285,59.37536148966558,IK_POSITION_ERROR,IK_POSITION_ERROR
55,0.24,0.0699998268611637,-2.0388988563524246e-10,1.3619999082207226,3.5342917352885173,1.1102593240012686,0.3459006786199285,59.37536148966558,IK_POSITION_ERROR,IK_POSITION_ERROR
55,0.24,0.0699998268611637,-2.0388988563524246e-10,1.3619999082207226,3.730641276137879,1.1102593240012686,0.3459006786199285,59.37536148966558,IK_POSITION_ERROR,IK_POSITION_ERROR
55,0.24,0.0699998268611637,-2.0388988563524246e-10,1.3619999082207226,3.9269908169872414,1.1102593240012686,0.3459006786199285,59.37536148966558,IK_POSITION_ERROR,IK_POSITION_ERROR
55,0.24,0.0699998268611637,-2.0388988563524246e-10,1.3619999082207226,4.123340357836604,1.1102593240012686,0.3459006786199285,59.37536148966558,IK_POSITION_ERROR,IK_POSITION_ERROR
55,0.24,0.0699998268611637,-2.0388988563524246e-10,1.3619999082207226,4.319689898685965,1.1102593240012686,0.3459006786199285,59.37536148966558,IK_POSITION_ERROR,IK_POSITION_ERROR
55,0.24,0.0699998268611637,-2.0388988563524246e-10,1.3619999082207226,4.516039439535327,1.1102593240012686,0.3459006786199285,59.37536148966558,IK_POSITION_ERROR,IK_POSITION_ERROR
55,0.24,0.0699998268611637,-2.0388988563524246e-10,1.3619999082207226,4.71238898038469,1.1102593240012686,0.3459006786199285,59.375361489665565,IK_POSITION_ERROR,IK_POSITION_ERROR
55,0.24,0.0699998268611637,-2.0388988563524246e-10,1.3619999082207226,4.908738521234052,1.1102593240012686,0.3459006786199285,59.37536148966558,IK_POSITION_ERROR,IK_POSITION_ERROR
55,0.24,0.0699998268611637,-2.0388988563524246e-10,1.3619999082207226,5.105088062083414,1.1102593240012686,0.3459006786199285,59.375361489665565,IK_POSITION_ERROR,IK_POSITION_ERROR
55,0.24,0.0699998268611637,-2.0388988563524246e-10,1.3619999082207226,5.301437602932776,1.1102593240012686,0.3459006786199285,59.37536148966558,IK_POSITION_ERROR,IK_POSITION_ERROR
55,0.24,0.0699998268611637,-2.0388988563524246e-10,1.3619999082207226,5.497787143782138,1.1102593240012686,0.3459006786199285,59.37536148966558,IK_POSITION_ERROR,IK_POSITION_ERROR
55,0.24,0.0699998268611637,-2.0388988563524246e-10,1.3619999082207226,5.6941366846315,1.1102593240012686,0.3459006786199285,59.37536148966558,IK_POSITION_ERROR,IK_POSITION_ERROR
55,0.24,0.0699998268611637,-2.0388988563524246e-10,1.3619999082207226,5.890486225480862,1.1102593240012686,0.3459006786199285,59.37536148966558,IK_POSITION_ERROR,IK_POSITION_ERROR
55,0.24,0.0699998268611637,-2.0388988563524246e-10,1.3619999082207226,6.086835766330224,1.1102593240012686,0.3459006786199285,59.375361489665565,IK_POSITION_ERROR,IK_POSITION_ERROR
55,0.12,0.0699998268611637,-2.0559518803907155e-10,1.2419999082207225,0.0,0.9902593240012685,0.2451639050630943,56.88723837204312,IK_POSITION_ERROR,IK_POSITION_ERROR
55,0.12,0.0699998268611637,-2.0559518803907155e-10,1.2419999082207225,0.19634954084936207,0.9902593240012685,0.2451639050630943,56.88723837204313,IK_POSITION_ERROR,IK_POSITION_ERROR
55,0.12,0.0699998268611637,-2.0559518803907155e-10,1.2419999082207225,0.39269908169872414,0.9902593240012685,0.2451639050630943,56.88723837204312,IK_POSITION_ERROR,IK_POSITION_ERROR
55,0.12,0.0699998268611637,-2.0559518803907155e-10,1.2419999082207225,0.5890486225480862,0.9902593240012685,0.2451639050630943,56.88723837204313,IK_POSITION_ERROR,IK_POSITION_ERROR
55,0.12,0.0699998268611637,-2.0559518803907155e-10,1.2419999082207225,0.7853981633974483,0.9902593240012685,0.2451639050630943,56.88723837204313,IK_POSITION_ERROR,IK_POSITION_ERROR
55,0.12,0.0699998268611637,-2.0559518803907155e-10,1.2419999082207225,0.9817477042468103,0.9902593240012685,0.2451639050630943,56.88723837204312,IK_POSITION_ERROR,IK_POSITION_ERROR
55,0.12,0.0699998268611637,-2.0559518803907155e-10,1.2419999082207225,1.1780972450961724,0.9902593240012685,0.2451639050630943,56.88723837204313,IK_POSITION_ERROR,IK_POSITION_ERROR
55,0.12,0.0699998268611637,-2.0559518803907155e-10,1.2419999082207225,1.3744467859455345,0.9902593240012685,0.2451639050630943,56.88723837204312,IK_POSITION_ERROR,IK_POSITION_ERROR
55,0.12,0.0699998268611637,-2.0559518803907155e-10,1.2419999082207225,1.5707963267948966,0.9902593240012685,0.2451639050630943,56.88723837204314,IK_POSITION_ERROR,IK_POSITION_ERROR
55,0.12,0.0699998268611637,-2.0559518803907155e-10,1.2419999082207225,1.7671458676442586,0.9902593240012685,0.2451639050630943,56.88723837204312,IK_POSITION_ERROR,IK_POSITION_ERROR
55,0.12,0.0699998268611637,-2.0559518803907155e-10,1.2419999082207225,1.9634954084936207,0.9902593240012685,0.2451639050630943,56.88723837204312,IK_POSITION_ERROR,IK_POSITION_ERROR
55,0.12,0.0699998268611637,-2.0559518803907155e-10,1.2419999082207225,2.1598449493429825,0.9902593240012685,0.2451639050630943,56.887238372043136,IK_POSITION_ERROR,IK_POSITION_ERROR
55,0.12,0.0699998268611637,-2.0559518803907155e-10,1.2419999082207225,2.356194490192345,0.9902593240012685,0.2451639050630943,56.88723837204313,IK_POSITION_ERROR,IK_POSITION_ERROR
55,0.12,0.0699998268611637,-2.0559518803907155e-10,1.2419999082207225,2.552544031041707,0.9902593240012685,0.2451639050630943,56.88723837204312,IK_POSITION_ERROR,IK_POSITION_ERROR
55,0.12,0.0699998268611637,-2.0559518803907155e-10,1.2419999082207225,2.748893571891069,0.9902593240012685,0.2451639050630943,56.88723837204314,IK_POSITION_ERROR,IK_POSITION_ERROR
55,0.12,0.0699998268611637,-2.0559518803907155e-10,1.2419999082207225,2.945243112740431,0.9902593240012685,0.2451639050630943,56.88723837204313,IK_POSITION_ERROR,IK_POSITION_ERROR
55,0.12,0.0699998268611637,-2.0559518803907155e-10,1.2419999082207225,3.141592653589793,0.9902593240012685,0.2451639050630943,56.88723837204312,IK_POSITION_ERROR,IK_POSITION_ERROR
55,0.12,0.0699998268611637,-2.0559518803907155e-10,1.2419999082207225,3.3379421944391554,0.9902593240012685,0.2451639050630943,56.88723837204313,IK_POSITION_ERROR,IK_POSITION_ERROR
55,0.12,0.0699998268611637,-2.0559518803907155e-10,1.2419999082207225,3.5342917352885173,0.9902593240012685,0.2451639050630943,56.88723837204312,IK_POSITION_ERROR,IK_POSITION_ERROR
55,0.12,0.0699998268611637,-2.0559518803907155e-10,1.2419999082207225,3.730641276137879,0.9902593240012685,0.2451639050630943,56.88723837204313,IK_POSITION_ERROR,IK_POSITION_ERROR
55,0.12,0.0699998268611637,-2.0559518803907155e-10,1.2419999082207225,3.9269908169872414,0.9902593240012685,0.2451639050630943,56.88723837204313,IK_POSITION_ERROR,IK_POSITION_ERROR
55,0.12,0.0699998268611637,-2.0559518803907155e-10,1.2419999082207225,4.123340357836604,0.9902593240012685,0.2451639050630943,56.88723837204312,IK_POSITION_ERROR,IK_POSITION_ERROR
55,0.12,0.0699998268611637,-2.0559518803907155e-10,1.2419999082207225,4.319689898685965,0.9902593240012685,0.2451639050630943,56.88723837204313,IK_POSITION_ERROR,IK_POSITION_ERROR
55,0.12,0.0699998268611637,-2.0559518803907155e-10,1.2419999082207225,4.516039439535327,0.9902593240012685,0.2451639050630943,56.88723837204312,IK_POSITION_ERROR,IK_POSITION_ERROR
55,0.12,0.0699998268611637,-2.0559518803907155e-10,1.2419999082207225,4.71238898038469,0.9902593240012685,0.2451639050630943,56.88723837204312,IK_POSITION_ERROR,IK_POSITION_ERROR
55,0.12,0.0699998268611637,-2.0559518803907155e-10,1.2419999082207225,4.908738521234052,0.9902593240012685,0.2451639050630943,56.88723837204312,IK_POSITION_ERROR,IK_POSITION_ERROR
55,0.12,0.0699998268611637,-2.0559518803907155e-10,1.2419999082207225,5.105088062083414,0.9902593240012685,0.2451639050630943,56.88723837204312,IK_POSITION_ERROR,IK_POSITION_ERROR
55,0.12,0.0699998268611637,-2.0559518803907155e-10,1.2419999082207225,5.301437602932776,0.9902593240012685,0.2451639050630943,56.88723837204313,IK_POSITION_ERROR,IK_POSITION_ERROR
55,0.12,0.0699998268611637,-2.0559518803907155e-10,1.2419999082207225,5.497787143782138,0.9902593240012685,0.2451639050630943,56.88723837204312,IK_POSITION_ERROR,IK_POSITION_ERROR
55,0.12,0.0699998268611637,-2.0559518803907155e-10,1.2419999082207225,5.6941366846315,0.9902593240012685,0.2451639050630943,56.88723837204312,IK_POSITION_ERROR,IK_POSITION_ERROR
55,0.12,0.0699998268611637,-2.0559518803907155e-10,1.2419999082207225,5.890486225480862,0.9902593240012685,0.2451639050630943,56.88723837204313,IK_POSITION_ERROR,IK_POSITION_ERROR
55,0.12,0.0699998268611637,-2.0559518803907155e-10,1.2419999082207225,6.086835766330224,0.9902593240012685,0.2451639050630943,56.88723837204311,IK_POSITION_ERROR,IK_POSITION_ERROR
55,0.0,0.06999982686116368,-2.0730049044290056e-10,1.1219999082207226,0.0,0.8702593240012686,0.14448091975222965,50.318283278927346,IK_POSITION_ERROR,IK_POSITION_ERROR
55,0.0,0.06999982686116368,-2.0730049044290056e-10,1.1219999082207226,0.19634954084936207,0.8702593240012686,0.14448091975222965,50.31828327892736,IK_POSITION_ERROR,IK_POSITION_ERROR
55,0.0,0.06999982686116368,-2.0730049044290056e-10,1.1219999082207226,0.39269908169872414,0.8702593240012686,0.14448091975222965,50.318283278927346,IK_POSITION_ERROR,IK_POSITION_ERROR
55,0.0,0.06999982686116368,-2.0730049044290056e-10,1.1219999082207226,0.5890486225480862,0.8702593240012686,0.14448091975222965,50.31828327892736,IK_POSITION_ERROR,IK_POSITION_ERROR
55,0.0,0.06999982686116368,-2.0730049044290056e-10,1.1219999082207226,0.7853981633974483,0.8702593240012686,0.14448091975222965,50.31828327892736,IK_POSITION_ERROR,IK_POSITION_ERROR
55,0.0,0.06999982686116368,-2.0730049044290056e-10,1.1219999082207226,0.9817477042468103,0.8702593240012686,0.14448091975222965,50.31828327892733,IK_POSITION_ERROR,IK_POSITION_ERROR
55,0.0,0.06999982686116368,-2.0730049044290056e-10,1.1219999082207226,1.1780972450961724,0.8702593240012686,0.14448091975222965,50.318283278927346,IK_POSITION_ERROR,IK_POSITION_ERROR
55,0.0,0.06999982686116368,-2.0730049044290056e-10,1.1219999082207226,1.3744467859455345,0.8702593240012686,0.14448091975222965,50.31828327892733,IK_POSITION_ERROR,IK_POSITION_ERROR
55,0.0,0.06999982686116368,-2.0730049044290056e-10,1.1219999082207226,1.5707963267948966,0.8702593240012686,0.14448091975222965,50.318283278927375,IK_POSITION_ERROR,IK_POSITION_ERROR
55,0.0,0.06999982686116368,-2.0730049044290056e-10,1.1219999082207226,1.7671458676442586,0.8702593240012686,0.14448091975222965,50.318283278927346,IK_POSITION_ERROR,IK_POSITION_ERROR
55,0.0,0.06999982686116368,-2.0730049044290056e-10,1.1219999082207226,1.9634954084936207,0.8702593240012686,0.14448091975222965,50.318283278927346,IK_POSITION_ERROR,IK_POSITION_ERROR
55,0.0,0.06999982686116368,-2.0730049044290056e-10,1.1219999082207226,2.1598449493429825,0.8702593240012686,0.14448091975222965,50.31828327892736,IK_POSITION_ERROR,IK_POSITION_ERROR
55,0.0,0.06999982686116368,-2.0730049044290056e-10,1.1219999082207226,2.356194490192345,0.8702593240012686,0.14448091975222965,50.31828327892735,IK_POSITION_ERROR,IK_POSITION_ERROR
55,0.0,0.06999982686116368,-2.0730049044290056e-10,1.1219999082207226,2.552544031041707,0.8702593240012686,0.14448091975222965,50.318283278927346,IK_POSITION_ERROR,IK_POSITION_ERROR
55,0.0,0.06999982686116368,-2.0730049044290056e-10,1.1219999082207226,2.748893571891069,0.8702593240012686,0.14448091975222965,50.318283278927375,IK_POSITION_ERROR,IK_POSITION_ERROR
55,0.0,0.06999982686116368,-2.0730049044290056e-10,1.1219999082207226,2.945243112740431,0.8702593240012686,0.14448091975222965,50.31828327892736,IK_POSITION_ERROR,IK_POSITION_ERROR
55,0.0,0.06999982686116368,-2.0730049044290056e-10,1.1219999082207226,3.141592653589793,0.8702593240012686,0.14448091975222965,50.318283278927346,IK_POSITION_ERROR,IK_POSITION_ERROR
55,0.0,0.06999982686116368,-2.0730049044290056e-10,1.1219999082207226,3.3379421944391554,0.8702593240012686,0.14448091975222965,50.31828327892736,IK_POSITION_ERROR,IK_POSITION_ERROR
55,0.0,0.06999982686116368,-2.0730049044290056e-10,1.1219999082207226,3.5342917352885173,0.8702593240012686,0.14448091975222965,50.318283278927346,IK_POSITION_ERROR,IK_POSITION_ERROR
55,0.0,0.06999982686116368,-2.0730049044290056e-10,1.1219999082207226,3.730641276137879,0.8702593240012686,0.14448091975222965,50.31828327892736,IK_POSITION_ERROR,IK_POSITION_ERROR
55,0.0,0.06999982686116368,-2.0730049044290056e-10,1.1219999082207226,3.9269908169872414,0.8702593240012686,0.14448091975222965,50.31828327892735,IK_POSITION_ERROR,IK_POSITION_ERROR
55,0.0,0.06999982686116368,-2.0730049044290056e-10,1.1219999082207226,4.123340357836604,0.8702593240012686,0.14448091975222965,50.318283278927346,IK_POSITION_ERROR,IK_POSITION_ERROR
55,0.0,0.06999982686116368,-2.0730049044290056e-10,1.1219999082207226,4.319689898685965,0.8702593240012686,0.14448091975222965,50.318283278927346,IK_POSITION_ERROR,IK_POSITION_ERROR
55,0.0,0.06999982686116368,-2.0730049044290056e-10,1.1219999082207226,4.516039439535327,0.8702593240012686,0.14448091975222965,50.318283278927346,IK_POSITION_ERROR,IK_POSITION_ERROR
55,0.0,0.06999982686116368,-2.0730049044290056e-10,1.1219999082207226,4.71238898038469,0.8702593240012686,0.14448091975222965,50.31828327892733,IK_POSITION_ERROR,IK_POSITION_ERROR
55,0.0,0.06999982686116368,-2.0730049044290056e-10,1.1219999082207226,4.908738521234052,0.8702593240012686,0.14448091975222965,50.318283278927346,IK_POSITION_ERROR,IK_POSITION_ERROR
55,0.0,0.06999982686116368,-2.0730049044290056e-10,1.1219999082207226,5.105088062083414,0.8702593240012686,0.14448091975222965,50.31828327892733,IK_POSITION_ERROR,IK_POSITION_ERROR
55,0.0,0.06999982686116368,-2.0730049044290056e-10,1.1219999082207226,5.301437602932776,0.8702593240012686,0.14448091975222965,50.318283278927346,IK_POSITION_ERROR,IK_POSITION_ERROR
55,0.0,0.06999982686116368,-2.0730049044290056e-10,1.1219999082207226,5.497787143782138,0.8702593240012686,0.14448091975222965,50.318283278927346,IK_POSITION_ERROR,IK_POSITION_ERROR
55,0.0,0.06999982686116368,-2.0730049044290056e-10,1.1219999082207226,5.6941366846315,0.8702593240012686,0.14448091975222965,50.318283278927346,IK_POSITION_ERROR,IK_POSITION_ERROR
55,0.0,0.06999982686116368,-2.0730049044290056e-10,1.1219999082207226,5.890486225480862,0.8702593240012686,0.14448091975222965,50.31828327892736,IK_POSITION_ERROR,IK_POSITION_ERROR
55,0.0,0.06999982686116368,-2.0730049044290056e-10,1.1219999082207226,6.086835766330224,0.8702593240012686,0.14448091975222965,50.31828327892733,IK_POSITION_ERROR,IK_POSITION_ERROR
