allowed_adjacent,category,distance_m,link_a,link_b,model,normal_on_b,penetration_m,point_on_a_m,point_on_b_m,state
True,self_pairs,-0.10413284868563984,L6,L7,actual_urdf,"[-0.1757181934489407, -0.6696539779213648, 0.7215862154622499]",0.10413284868563984,"[0.27149488787888193, 0.041711313486720164, 0.23944066640287714]","[0.2531968518291494, -0.028021662867902114, 0.3145814945912511]",initial
True,self_pairs,-0.10413284378235856,L1,L2,actual_urdf,"[-0.17571820097344673, -0.6696539545950985, -0.7215862352773932]",0.10413284378235856,"[-0.14655685071821895, 0.0280216632913749, 0.3145814933581979]","[-0.16485488668990397, -0.04171130735071511, 0.23944066664455688]",initial
True,self_pairs,-0.05478440499789238,L3,L4,actual_urdf,"[-0.7477283062133373, -1.1880063813039441e-11, -0.6640048042652507]",0.05478440499789238,"[-0.12346387355173698, -0.0015852452665770535, 0.5082546050716047]","[-0.16442772390771654, -0.0015852452672278957, 0.4718774969541909]",initial
True,self_pairs,-0.05477770815437526,L4,L5,actual_urdf,"[-0.7476708835116321, -9.384302939208466e-13, 0.6640694616897658]",0.05477770815437526,"[0.27106766680345823, 0.001584934126205914, 0.4718774352814968]","[0.23011196935093414, 0.001584934126154509, 0.5082536384481718]",initial
True,self_pairs,-0.0070030167599007265,base_link,L1,actual_urdf,"[2.3383907499677606e-13, 1.1140797031758479e-13, -0.9999999999999999]",0.0070030167599007265,"[-0.14148521619110835, -0.003505250763967069, 0.12003301626443788]","[-0.1414852161911067, -0.003505250763966289, 0.11302999950453715]",initial
True,self_pairs,-0.0069842080342574775,L7,L8,actual_urdf,"[-1.151480310320321e-12, -7.637622852103077e-13, 1.0]",0.0069842080342574775,"[0.22544430459521173, -0.0004904929510598895, 0.11303000703337868]","[0.22544430459520368, -0.0004904929510652238, 0.12001421506763615]",initial
True,self_pairs,-0.006000003497603351,L2,L3,actual_urdf,"[3.5665893875224834e-12, 3.3511043313545317e-12, -1.0]",0.006000003497603351,"[-0.12122160859515346, 0.0006010710190134049, 0.3750299974963829]","[-0.12122160859513206, 0.0006010710190335115, 0.36902999399877956]",initial
True,self_pairs,-0.005982190544359001,L5,L6,actual_urdf,"[0.0, 7.249532855538142e-17, 1.0]",0.005982190544359001,"[0.22471967780068366, -0.003434684901562308, 0.369047809232124]","[0.22471967780068366, -0.0034346849015623074, 0.375029999776483]",initial
False,tower_pairs,-0.18756305289696024,L4,Tower,actual_urdf,"[0.4025925497104389, -0.9144254919326741, 0.04177629257527547]",0.18756305289696024,"[0.009849732275239192, 0.18151243669017955, 0.4865912413551385]","[0.08536121997250033, 0.009999999776482534, 0.49442693032927376]",initial
False,tower_pairs,-0.06325417943949815,L6,Tower,actual_urdf,"[0.005162572164424677, -0.9999826370847444, -0.0028413689811993487]",0.06325417943949815,"[0.2472107151498047, 0.06325308116254229, 0.2828348529984578]","[0.24753726941586257, 1.2981172858094647e-15, 0.2826551245350672]",initial
False,tower_pairs,-0.060999998598121476,L8,Tower,actual_urdf,"[2.825608664495339e-13, -1.0, -1.1375236169465937e-14]",0.060999998598121476,"[0.12523630013502804, 0.06099999859812147, 0.018586749467184055]","[0.12523630013504528, -8.407595384028643e-18, 0.01858674946718336]",initial
False,tower_pairs,-0.04895899620768363,L5,Tower,actual_urdf,"[-2.834573598883646e-16, 1.0, 5.669147197767292e-16]",0.04895899620768363,"[0.22631099805218968, -0.048958996207682334, 0.3827050874180018]","[0.22631099805218968, 1.3007490313549765e-15, 0.3827050874180018]",initial
False,tower_pairs,-0.043281500995159136,base_link,Tower,actual_urdf,"[-0.9999999999999999, 0.0, 0.0]",0.043281500995159136,"[0.04328150099515914, 0.0032789934465015428, 0.042275981378094164]","[1.3877787807814457e-17, 0.0032789934465015428, 0.042275981378094164]",initial
False,tower_pairs,-0.041081715279653326,L7,Tower,actual_urdf,"[0.21283571596571033, -0.9693366382001711, -0.1228309401256621]",0.041081715279653326,"[0.19703390147983368, 0.03982201178067708, 0.2108434355535912]","[0.20577755776447815, 1.3281015780417665e-15, 0.2057973298438166]",initial
True,self_pairs,-0.10414026863838188,L6,L7,actual_urdf,"[-0.2191442065432214, -0.8337594061137282, 0.5067751665733288]",0.10414026863838188,"[0.2687142494649061, 0.20945090914521736, 0.2536688616569347]","[0.24589251292494996, 0.12262298061275595, 0.3064445636431419]",step1_final
True,self_pairs,-0.10413993242017307,L1,L2,actual_urdf,"[-0.19233061481694305, 0.20957454997933786, -0.958690483214001]",0.10413993242017307,"[-0.14573227528754348, -0.01143031491140847, 0.3251585697770424]","[-0.16576157251691026, 0.010394764560427958, 0.22532060764327327]",step1_final
True,self_pairs,-0.05654266496275408,L4,L5,actual_urdf,"[-0.7370082943517914, 0.005202769737983769, 0.6758636735642156]",0.05654266496275408,"[0.2650545877451177, 0.10543912780525737, 0.46243504202586916]","[0.22338217468281352, 0.10573330627143054, 0.5006501752807068]",step1_final
True,self_pairs,-0.05631459389373316,L3,L4,actual_urdf,"[-0.7185061507241906, -0.05766505402901697, -0.6931260007497463]",0.05631459389373316,"[-0.1286723342816541, 0.06647708249587643, 0.4965647162132183]","[-0.1691347163698363, 0.06322969839637216, 0.45753160696380896]",step1_final
True,self_pairs,-0.007003016759901032,base_link,L1,actual_urdf,"[2.219489525393032e-13, -9.029061741135717e-14, -0.9999999999999999]",0.007003016759901032,"[-0.14148521617221987, 0.0029682327639402387, 0.12003301626443798]","[-0.14148521617221832, 0.0029682327639396064, 0.11302999950453695]",step1_final
True,self_pairs,-0.0069842080342970795,L7,L8,actual_urdf,"[0.0103530051778614, -0.059172787912286105, 0.9981940675311964]",0.0069842080342970795,"[0.21658684319798813, 0.16593928460952734, 0.1130911810792867]","[0.21665915073993047, 0.16552600954877858, 0.12006277610552576]",step1_final
True,self_pairs,-0.006000003497613897,L2,L3,actual_urdf,"[0.025680853956450984, -0.34436166071602103, -0.9384857699341911]",0.006000003497613897,"[-0.12344223203375598, 0.029536053421177273, 0.369802628544473]","[-0.12328814682019557, 0.027469882252437017, 0.36417171064240694]",step1_final
True,self_pairs,-0.005982190544056693,L5,L6,actual_urdf,"[-0.0033671128549592057, -0.2811853838059647, 0.9596475616000459]",0.005982190544056693,"[0.21875549241477552, 0.13194814044069764, 0.3647197992476075]","[0.2187353497040938, 0.13026603589656666, 0.37046059381623836]",step1_final
False,tower_pairs,-0.1723654463377983,L4,Tower,actual_urdf,"[0.9993658455249687, 0.035558116437352176, 0.0018780717750105634]",0.1723654463377983,"[-0.17225614001866235, 0.10461206287297886, 0.5536450218193907]","[5.551115123125783e-17, 0.11074105348363447, 0.5539687364991448]",step1_final
False,tower_pairs,-0.043281500995159136,base_link,Tower,actual_urdf,"[-0.9999999999999999, 0.0, 0.0]",0.043281500995159136,"[0.04328150099515914, 0.0032789934465015428, 0.042275981378094164]","[1.3877787807814457e-17, 0.0032789934465015428, 0.042275981378094164]",step1_final
False,tower_pairs,0.012576772593413454,L6,Tower,actual_urdf,"[0.05877865769148652, 0.9976945221188805, -0.033922115705918736]",0.0,"[0.25224589359416916, 0.09254777533424413, 0.2846079304170564]","[0.2515066477830372, 0.07999999821186066, 0.2850345611521772]",step1_final
True,self_pairs,-0.104153425568546,L1,L2,actual_urdf,"[0.5735119810693446, 0.6257920131943192, 0.5286476745358071]",0.104153425568546,"[-0.33573234232404514, -0.04139560885794974, 0.2226758007270281]","[-0.27599910489106977, 0.023782773009675337, 0.27773626694877823]",step2_final
True,self_pairs,-0.10413082957192388,L6,L7,actual_urdf,"[-0.6437929270160423, -0.6316739099284183, 0.4318781525382611]",0.10413082957192388,"[0.01865734086069474, -0.26976150212501776, 0.19213784060678768]","[-0.048381350702022784, -0.3355382303848047, 0.2371096709045867]",step2_final
True,self_pairs,-0.05498205944327645,L4,L5,actual_urdf,"[-0.9951895562827339, 0.051808426439197565, 0.08314826525953246]",0.05498205944327645,"[-0.14588075983504412, -0.44502816581042914, 0.19478488521719303]","[-0.2005983311759093, -0.44217963182828657, 0.19935654808029796]",step2_final
True,self_pairs,-0.054891243826497155,L3,L4,actual_urdf,"[-0.04741763701840901, 0.9911462281633663, 0.1240190392525371]",0.054891243826497155,"[-0.4480439330622589, -0.1931980057392244, 0.24294015510695502]","[-0.45064674613751277, -0.1387927564613961, 0.24974771442969396]",step2_final
True,self_pairs,-0.007003016759902273,base_link,L1,actual_urdf,"[0.7231690425118894, 0.6873778853725753, 0.06736600517444906]",0.007003016759902273,"[-0.1841843336777452, 0.0912498519005933, 0.25247550114904094]","[-0.17911996875279196, 0.09606357075224363, 0.2529472664123253]",step2_final
True,self_pairs,-0.00698420803431826,L7,L8,actual_urdf,"[-0.6985036207726476, -0.7131506097281953, -0.059235965526061696]",0.00698420803431826,"[0.07499577872755872, -0.1628585677214433, 0.24469078690063273]","[0.070117284127358, -0.16783935993958593, 0.244277070594285]",step2_final
True,self_pairs,-0.006000003497944439,L2,L3,actual_urdf,"[0.7031162757358133, 0.7095455644941268, -0.04661110063183436]",0.006000003497944439,"[-0.34959708323290056, -0.10301096830054413, 0.24213653569565233]","[-0.345378383119024, -0.0987536924316284, 0.24185686892881827]",step2_final
True,self_pairs,-0.0059821905443084725,L5,L6,actual_urdf,"[-0.7151268937618119, -0.6810408234411128, -0.15740686968882]",0.0059821905443084725,"[-0.10478462215939735, -0.3428608378578131, 0.2192408707438047]","[-0.10906264750123995, -0.3469349538320906, 0.21829923285634303]",step2_final
False,self_pairs,0.014758719620219409,base_link,L8,actual_urdf,"[-0.6654579032860046, 0.7463792191022709, 0.009156431973124816]",0.0,"[-0.00011616450088107293, 0.011410654785318466, 0.2449332528481175]","[0.009705142112776153, 0.0003950531602297386, 0.24479811563590456]",step2_final
False,tower_pairs,-0.004480621258413784,base_link,Tower,actual_urdf,"[-0.9999999999999999, 0.0, 0.0]",0.004480621258413784,"[0.004480621258413783, 0.10287480546891291, 0.20081078514425516]","[3.2526065174565133e-19, 0.10287480546891291, 0.20081078514425516]",step2_final
False,tower_pairs,-0.004058076795673826,L8,Tower,actual_urdf,"[0.0, -1.0, 3.419794278562959e-15]",0.004058076795673826,"[0.08178948589317168, 0.004058076795673798, 0.19300324257913876]","[0.08178948589317168, -2.7755575615628914e-17, 0.19300324257913876]",step2_final
True,self_pairs,-0.07036495625215958,base_end_mesh,left_link_4,parameterized_baseline_proxy,"[-0.08443966638152904, 0.9922131610360675, -0.09155864682372056]",0.07036495625215958,"[-0.05330672231491492, -0.0003621145004650411, 0.049223796761670005]","[-0.05924831574579816, 0.06945492116865482, 0.04278127658341198]",initial
True,self_pairs,-0.06669906929541058,right_link_2,right_joint_3,parameterized_baseline_proxy,"[-0.6049521606669626, -5.746385258160597e-20, 0.7962618183137842]",0.06669906929541058,"[0.2959468846020587, -1.164153218256879e-10, 0.26975188129459965]","[0.25559713851732463, -1.1641532182952068e-10, 0.3228618034916004]",initial
True,self_pairs,-0.06669906929541056,left_link_2,left_joint_2,parameterized_baseline_proxy,"[-0.6049521606669631, 5.746385258160592e-20, -0.7962618183137835]",0.06669906929541056,"[-0.10455311539794158, -1.1641532182818174e-10, 0.38130816204036083]","[-0.1449028614826757, -1.1641532182434894e-10, 0.32819823984336016]",initial
True,self_pairs,-0.06669906929541056,left_link_2,left_joint_3,parameterized_baseline_proxy,"[0.6049521606669631, -5.746385258160592e-20, 0.7962618183137835]",0.06669906929541056,"[-0.18930691310738312, -1.164153218256879e-10, 0.26975188129459976]","[-0.14895716702264902, -1.1641532182952068e-10, 0.32286180349160043]",initial
True,self_pairs,-0.06669906929541053,right_link_2,right_joint_2,parameterized_baseline_proxy,"[0.6049521606669622, 5.74638525816059e-20, -0.7962618183137843]",0.06669906929541053,"[0.21119308689261732, -1.1641532182818174e-10, 0.38130816204036083]","[0.25154283297735136, -1.1641532182434894e-10, 0.32819823984336016]",initial
True,self_pairs,-0.051083697629188185,central_body,right_link_1,parameterized_baseline_proxy,"[0.213357243269366, 0.01710756393078033, 0.9768244560824892]",0.051083697629188185,"[0.25821997225284576, 0.00032361173572731296, 0.47210009757840465]","[0.2691190491550152, 0.0011975293587393014, 0.5219999027297187]",initial
True,self_pairs,-0.05108369494587953,central_body,left_link_1,parameterized_baseline_proxy,"[-0.21335787785829205, -0.01710756150404453, 0.9768243175183506]",0.05108369494587953,"[-0.15158001333475113, -0.0003236119685579562, 0.47210009757840465]","[-0.16247912208156434, -0.0011975294216984389, 0.5219998930302291]",initial
True,self_pairs,-0.045000000000000026,right_link_3,right_joint_3,parameterized_baseline_proxy,"[-0.31143246430647387, -0.0, -0.9502682885248761]",0.045000000000000026,"[0.28281998574733797, -1.1641532182693481e-10, 0.28703002166748015]","[0.26880552485354664, -1.1641532182693481e-10, 0.24426794868386068]",initial
True,self_pairs,-0.045,left_link_3,left_joint_3,parameterized_baseline_proxy,"[0.31143246430647287, -9.484811480588975e-18, -0.9502682885248763]",0.045,"[-0.17618001425266236, -1.1641532182693481e-10, 0.28703002166748015]","[-0.1621655533588711, -1.1641532225375133e-10, 0.2442679486838607]",initial
True,self_pairs,-0.045,left_link_4,left_joint_4,parameterized_baseline_proxy,"[0.7351075214629987, -0.0, -0.6779505379366013]",0.045,"[-0.11768001425266217, -1.1641532182693481e-10, 0.10853002166748016]","[-0.08460017578682723, -1.1641532182693481e-10, 0.0780222474603331]",initial
True,self_pairs,-0.044999999999999984,left_link_1,left_joint_1,parameterized_baseline_proxy,"[0.3162277660168393, -0.0, -0.9486832980505133]",0.044999999999999984,"[-0.16968001425266266, -1.1641532182693481e-10, 0.5200300216674805]","[-0.1554497647819049, -1.1641532182693481e-10, 0.47733927325520736]",initial
True,self_pairs,-0.044999999999999984,left_link_3,left_joint_4,parameterized_baseline_proxy,"[-0.3114324643064732, 9.484811480588972e-18, 0.9502682885248761]",0.044999999999999984,"[-0.11768001425266218, -1.1641532182693481e-10, 0.10853002166748016]","[-0.13169447514645347, -1.164153214001183e-10, 0.15129209465109958]",initial
True,self_pairs,-0.044999999999999984,right_link_1,right_joint_1,parameterized_baseline_proxy,"[-0.3162277660168393, -0.0, -0.9486832980505133]",0.044999999999999984,"[0.27631998574733835, -1.1641532182693481e-10, 0.5200300216674805]","[0.2620897362765806, -1.1641532182693481e-10, 0.47733927325520736]",initial
True,self_pairs,-0.04499999999999997,left_link_1,left_joint_2,parameterized_baseline_proxy,"[-0.3162277660168396, -0.0, 0.9486832980505132]",0.04499999999999997,"[-0.11768001425266239, -1.1641532182693481e-10, 0.3640300216674805]","[-0.13191026372342016, -1.1641532182693481e-10, 0.40672077007975355]",initial
True,self_pairs,-0.04499999999999997,right_link_1,right_joint_2,parameterized_baseline_proxy,"[0.3162277660168396, -0.0, 0.9486832980505132]",0.04499999999999997,"[0.22431998574733808, -1.1641532182693481e-10, 0.3640300216674805]","[0.23855023521809585, -1.1641532182693481e-10, 0.40672077007975355]",initial
True,self_pairs,-0.04499999999999997,right_link_3,right_joint_4,parameterized_baseline_proxy,"[0.3114324643064744, -0.0, 0.9502682885248758]",0.04499999999999997,"[0.22431998574733758, -1.1641532182693481e-10, 0.10853002166748023]","[0.23833444664112893, -1.1641532182693481e-10, 0.1512920946510996]",initial
True,self_pairs,-0.03591382182946733,central_body,left_joint_1,parameterized_baseline_proxy,"[0.6925786582126676, 0.6626343560080556, -0.2850447551282615]",0.03591382182946733,"[-0.1633871211670339, 0.006020813704190047, 0.5174400542358092]","[-0.13851397463309262, 0.02981854590394718, 0.5072030076867087]",initial
True,self_pairs,-0.03591381731178638,central_body,right_joint_1,parameterized_baseline_proxy,"[-0.6925790317617175, 0.2850446134030394, 0.6626340265439993]",0.03591381731178638,"[0.2700270861387253, 0.002589967315255918, 0.5260508354880858]","[0.24515392931806107, 0.01282700748672145, 0.5498485528619604]",initial
True,self_pairs,-0.0348929997656687,left_link_1,left_link_2,parameterized_baseline_proxy,"[0.06739616538379778, -2.640697151830907e-20, 0.997726293575327]",0.0348929997656687,"[-0.144533689450707, -1.1641532182508634e-10, 0.36059701198074345]","[-0.14218203506776317, -1.1641532182600775e-10, 0.39541067530866886]",initial
True,self_pairs,-0.03489299976566866,right_link_1,right_link_2,parameterized_baseline_proxy,"[-0.06739616538379747, -2.6406971518309056e-20, 0.997726293575327]",0.03489299976566866,"[0.2511736609453827, -1.1641532182508634e-10, 0.36059701198074345]","[0.24882200656243886, -1.1641532182600775e-10, 0.3954106753086688]",initial
True,self_pairs,-0.03475917039260962,right_link_2,right_link_3,parameterized_baseline_proxy,"[-0.07050001333315609, -2.6373391125073205e-20, 0.9975117784367384]",0.03475917039260962,"[0.2585352342886923, -1.1641532182786423e-10, 0.25566438408599285]","[0.25608471231256386, -1.1641532182878095e-10, 0.2903370659613105]",initial
True,self_pairs,-0.034759170392609576,left_link_2,left_link_3,parameterized_baseline_proxy,"[0.07050001333315714, 6.2823644449229605e-18, 0.9975117784367384]",0.034759170392609576,"[-0.15189526279401672, -1.164153222694759e-10, 0.2556643840859929]","[-0.14944474081788825, -1.164153220511061e-10, 0.2903370659613105]",initial
True,self_pairs,-0.030186978414504496,base_end_mesh,left_joint_4,parameterized_baseline_proxy,"[-0.9876884010373173, 0.15643408342128104, 7.008431222846351e-07]",0.030186978414504496,"[-0.1323106638569715, 0.0023172613380113187, 0.10853003204908446]","[-0.16212599229934144, 0.007039533637542325, 0.10853005320542067]",initial
True,self_pairs,-0.03018467707515581,l8_end_mesh,right_joint_4,parameterized_baseline_proxy,"[0.9876883311165392, -0.1564345248857339, -1.2281642769902877e-08]",0.03018467707515581,"[0.23895290732192953, -0.0023176281191920442, 0.10853002148552368]","[0.26876596064758185, -0.007039553736273347, 0.10853002111480627]",initial
True,self_pairs,-0.013984228617116679,base_end_mesh,left_link_3,parameterized_baseline_proxy,"[-0.0, -2.394950532453958e-19, -1.0]",0.013984228617116679,"[-0.1394802867541153, -1.1641532117641351e-10, 0.11903303048133818]","[-0.1394802867541153, -1.1641532117976266e-10, 0.1050488018642215]",initial
True,self_pairs,-0.013981220903057034,l8_end_mesh,right_link_3,parameterized_baseline_proxy,"[7.200404835509696e-07, 1.0578293981782852e-17, -0.9999999999997408]",0.013981220903057034,"[0.2461202985845796, -1.164153212343517e-10, 0.11903002276729308]","[0.24612030865162465, -1.1641532108645423e-10, 0.10504880186423966]",initial
True,self_pairs,-0.004511704585141385,left_link_3,left_link_4,parameterized_baseline_proxy,"[-0.5406946687132731, 4.900325903490672e-18, 0.8412189222937414]",0.004511704585141385,"[-0.10163165994418619, -1.1641532150602082e-10, 0.1161634773036596]","[-0.10407111456018137, -1.16415321483912e-10, 0.11995880857247997]",initial
False,self_pairs,0.0067018614091789025,left_joint_2,left_joint_3,parameterized_baseline_proxy,"[0.6049521606669631, 0.0, 0.7962618183137836]",0.0,"[-0.1449028614826757, -1.1641532182693481e-10, 0.3281982398433602]","[-0.14895716702264902, -1.1641532182693481e-10, 0.32286180349160043]",initial
False,self_pairs,0.0067018614091789025,right_joint_2,right_joint_3,parameterized_baseline_proxy,"[-0.6049521606669622, 0.0, 0.7962618183137842]",0.0,"[0.25154283297735136, -1.1641532182693481e-10, 0.32819823984336016]","[0.2555971385173247, -1.1641532182693481e-10, 0.3228618034916004]",initial
False,tower_pairs,-0.0699999998835834,right_link_1,Tower,parameterized_baseline_proxy,"[7.653151413511736e-05, -0.9999999889062013, 0.00012779093949041403]",0.0699999998835834,"[0.25110138191417264, 0.06999999910701878, 0.44438133642018784]","[0.2511067391201532, 1.291309012500149e-15, 0.4443902817859373]",initial
False,tower_pairs,-0.06999999988358337,right_link_2,Tower,parameterized_baseline_proxy,"[-2.3841587864199305e-07, 0.9999999999999716, -0.0]",0.06999999988358337,"[0.25357493419954213, -0.06999999988358006, 0.3255235302869993]","[0.25357491751043065, 1.3185982534649225e-15, 0.3255235302869993]",initial
False,tower_pairs,-0.045,right_joint_2,Tower,parameterized_baseline_proxy,"[3.8171111993196074e-16, -1.0, -4.0313969010693136e-16]",0.045,"[0.22431998574733802, 0.04500000000000131, 0.36403002166748044]","[0.22431998574733805, 1.3144238428957457e-15, 0.36403002166748044]",initial
False,tower_pairs,-0.02950875986039842,right_link_3,Tower,parameterized_baseline_proxy,"[0.8661131743925293, -2.8751068962895174e-09, -0.4998479460232843]",0.02950875986039842,"[0.2003917910384077, 8.484216091333144e-11, 0.2555005976923687]","[0.22594971671348424, 1.321937748636584e-15, 0.2407507046864542]",initial
False,tower_pairs,-0.02902915647196097,right_joint_1,Tower,parameterized_baseline_proxy,"[-0.8661131744979347, -7.289320709269956e-09, 0.49984794584064285]",0.02902915647196097,"[0.3152950785997454, 2.116041100902132e-10, 0.49753686410465153]","[0.290152543734818, 1.2786465101266978e-15, 0.5120470283366478]",initial
False,tower_pairs,-0.018876532294858077,right_joint_3,Tower,parameterized_baseline_proxy,"[0.8661131743925296, -4.4564004278941744e-09, -0.49984794602328375]",0.018876532294858077,"[0.24384489289967415, 8.412269742830303e-11, 0.30952317923852785]","[0.26019410620709676, 1.3108323392917374e-15, 0.30008778334290087]",initial
False,tower_pairs,-0.01854245924492795,left_link_4,Tower,parameterized_baseline_proxy,"[-0.9999999999999999, -2.2623568891690574e-09, 0.0]",0.01854245924492795,"[0.018542459244927947, 4.194966041489923e-11, 0.04745655932304224]","[0.0, 0.0, 0.04745655932304224]",initial
True,self_pairs,-0.07036495625215958,base_end_mesh,left_link_4,parameterized_baseline_proxy,"[-0.08443966856530434, 0.9922131606390542, -0.09155864911214019]",0.07036495625215958,"[-0.05330671656071256, -0.0003621169547267749, 0.049223786658360066]","[-0.05924831014525705, 0.06945491868645726, 0.04278126631907749]",step1_final
True,self_pairs,-0.06669906929541056,left_link_2,left_joint_2,parameterized_baseline_proxy,"[-0.5828282500358972, -0.31919156809020716, -0.7472803850096751]",0.06669906929541056,"[-0.10701060378630682, 0.033442005821669535, 0.37550870463250813]","[-0.145884705622774, 0.012152225303110054, 0.3256657984496467]",step1_final
True,self_pairs,-0.06669906929541054,right_link_2,right_joint_2,parameterized_baseline_proxy,"[0.6065112463200043, 0.18803762967401025, -0.7725192281839559]",0.06669906929541054,"[0.20544374542557725, 0.13237418520700647, 0.3775738075903491]","[0.24589748107232104, 0.14491612009877802, 0.32604749405767036]",step1_final
True,self_pairs,-0.06669906929541054,right_link_2,right_joint_3,parameterized_baseline_proxy,"[-0.6065112463200043, -0.1880376296740108, 0.7725192281839559]",0.06669906929541054,"[0.2904159710350099, 0.15871825712433535, 0.2693438637217769]","[0.2499622353882661, 0.14617632223256377, 0.3208701772544556]",step1_final
True,self_pairs,-0.06669906929541052,left_link_2,left_joint_3,parameterized_baseline_proxy,"[0.5828282500358969, 0.3191915680902068, 0.7472803850096754]",0.06669906929541052,"[-0.188664841616336, -0.01127673286776847, 0.2708147226926526]","[-0.14979073977986887, 0.01001304765079098, 0.320657628875514]",step1_final
True,self_pairs,-0.05106536616925729,central_body,right_link_1,parameterized_baseline_proxy,"[0.20855141392887497, -0.2383247647106054, 0.9485291847243824]",0.05106536616925729,"[0.25209325459687604, 0.10782853369493153, 0.4651685949325326]","[0.2627430089142704, 0.09565839231778238, 0.5136055850727103]",step1_final
True,self_pairs,-0.051036135472680474,central_body,left_link_1,parameterized_baseline_proxy,"[-0.23760148572503942, 0.32382423485586076, 0.915796592536394]",0.051036135472680474,"[-0.15630568210888762, 0.06243020577331631, 0.46032065794349747]","[-0.16843194372286088, 0.07895694329275713, 0.507059376905604]",step1_final
True,self_pairs,-0.045000000000000026,right_link_3,right_joint_3,parameterized_baseline_proxy,"[-0.32069297647344386, 0.07469070316540852, -0.9442337177316112]",0.045000000000000026,"[0.2772552414726663, 0.15463801556789425, 0.28610681198617766]","[0.2628240575313613, 0.15799909721033764, 0.2436162946882551]",step1_final
True,self_pairs,-0.045,left_link_1,left_joint_1,parameterized_baseline_proxy,"[0.3403529952396766, -0.31526782433685907, -0.8858702148561516]",0.045,"[-0.1756245493888855, 0.078357994556427, 0.5049645304679871]","[-0.16030866460310006, 0.06417094246126834, 0.46510037079946026]",step1_final
True,self_pairs,-0.045,left_link_1,left_joint_2,parameterized_baseline_proxy,"[-0.34035299523967644, 0.31526782433685907, 0.8858702148561516]",0.045,"[-0.11965743437115861, 0.026515845867169374, 0.3592934157750821]","[-0.13497331915694405, 0.04070289796232803, 0.3991575754436089]",step1_final
True,self_pairs,-0.045,left_link_3,left_joint_4,parameterized_baseline_proxy,"[-0.3105700493646315, -0.023160834884769152, 0.9502682885191376]",0.045,"[-0.11768000851048835, -2.5776540268571124e-09, 0.10853001155115657]","[-0.13165566073189677, -0.0010422401474686387, 0.15129208453451776]",step1_final
True,self_pairs,-0.045,left_link_4,left_joint_4,parameterized_baseline_proxy,"[0.735107521591318, 7.805587508286838e-11, -0.6779505377974636]",0.045,"[-0.11768000851048835, -2.5776540268571124e-09, 0.10853001155115657]","[-0.08460017003887904, -2.5741415124783835e-09, 0.07802223735027071]",step1_final
True,self_pairs,-0.045,right_link_1,right_joint_1,parameterized_baseline_proxy,"[-0.31279567381763457, 0.2553335415393085, -0.9148571741020377]",0.045,"[0.2700401071064836, 0.09446777793977315, 0.5112485443291461]","[0.25596430178469004, 0.10595778730904204, 0.47007997149455444]",step1_final
True,self_pairs,-0.045,right_link_1,right_joint_2,parameterized_baseline_proxy,"[0.31279567381763457, -0.25533354153930865, 0.9148571741020377]",0.045,"[0.21860447498792085, 0.13645442676344757, 0.36081085932594836]","[0.2326802803097144, 0.12496441739417868, 0.40197943216054005]",step1_final
True,self_pairs,-0.044999999999999984,right_link_3,right_joint_4,parameterized_baseline_proxy,"[0.3206929764734441, -0.07469070316540888, 0.944233717731611]",0.044999999999999984,"[0.21701573122933232, 0.16866804337795774, 0.10874035595434471]","[0.23144691517063729, 0.16530696173551435, 0.1512308732522672]",step1_final
True,self_pairs,-0.04499999999999997,left_link_3,left_joint_3,parameterized_baseline_proxy,"[0.310570049364631, 0.023160834884769145, -0.9502682885191377]",0.04499999999999997,"[-0.17601801103148423, -0.004350572913268325, 0.28703001155007857]","[-0.16204235881007584, -0.0033083353434537146, 0.2442679385667174]",step1_final
True,self_pairs,-0.03626531213850308,left_link_2,left_link_3,parameterized_baseline_proxy,"[0.061804239202000746, 0.1329930388213096, 0.9891880951779268]",0.03626531213850308,"[-0.15219316085796325, 0.0017571641810543385, 0.25388118298087503]","[-0.14995181083182, 0.006580198246157189, 0.28975439801619385]",step1_final
True,self_pairs,-0.03591382182946733,central_body,left_joint_1,parameterized_baseline_proxy,"[0.6730650580770098, 0.6734707753159731, -0.30564774232945663]",0.03591382182946733,"[-0.16950896035083787, 0.0844772700135947, 0.5021873606237606]","[-0.14533662177542006, 0.10866417944564578, 0.49121038206316153]",step1_final
True,self_pairs,-0.035913817311786424,central_body,right_joint_1,parameterized_baseline_proxy,"[-0.6640928252091793, -0.6995745309125597, -0.26377299938424814]",0.035913817311786424,"[0.264006038374701, 0.08811131594788033, 0.5088518546685228]","[0.24015592997207041, 0.06298692404870797, 0.49937875935685494]",step1_final
True,self_pairs,-0.0353804482607841,right_link_2,right_link_3,parameterized_baseline_proxy,"[-0.06544235004927161, -0.13678840622439756, 0.9884362552752798]",0.0353804482607841,"[0.25254114829605856, 0.1551308114828624, 0.25422967182538425]","[0.2502257686160762, 0.150291176353765, 0.28920098961423446]",step1_final
True,self_pairs,-0.0348878752886439,left_link_1,left_link_2,parameterized_baseline_proxy,"[0.041160211181767034, 0.3566286726515439, 0.9333390738945146]",0.0348878752886439,"[-0.14636335882065968, 0.02362058648514144, 0.3559705956423967]","[-0.14492736650609594, 0.036062603140963115, 0.3885328128544469]",step1_final
True,self_pairs,-0.03486259396176766,right_link_1,right_link_2,parameterized_baseline_proxy,"[-0.07037800143301591, -0.2563858235068972, 0.9640089451965601]",0.03486259396176766,"[0.2454266322554664, 0.13652808650117876, 0.35737023534933177]","[0.24297307256766645, 0.12758981163870436, 0.3909780877812314]",step1_final
True,self_pairs,-0.030186978414504483,base_end_mesh,left_joint_4,parameterized_baseline_proxy,"[-0.9876884013843477, 0.1564340812302147, 7.002979005227773e-07]",0.030186978414504483,"[-0.13231065811993822, 0.002317258844316303, 0.10853002192468449]","[-0.16212598657278396, 0.007039531077705635, 0.1085300430645621]",step1_final
True,self_pairs,-0.03018467707515581,l8_end_mesh,right_joint_4,parameterized_baseline_proxy,"[0.98564405314228, -0.1676286991152099, -0.020159854617543677]",0.03018467707515581,"[0.23161836616558745, 0.16618457006909437, 0.10844168119806788]","[0.2613697136207349, 0.1611247519177733, 0.10783316249655524]",step1_final
True,self_pairs,-0.013984228617116679,base_end_mesh,left_link_3,parameterized_baseline_proxy,"[1.892756532063557e-10, -2.2902730498593147e-09, -0.9999999999999999]",0.013984228617116679,"[-0.13941991195541015, -0.0016212611478792793, 0.11903302036461288]","[-0.13941991195276326, -0.0016212611799069812, 0.1050487917474962]",step1_final
True,self_pairs,-0.013981220885147999,l8_end_mesh,right_link_3,parameterized_baseline_proxy,"[-0.010352285172537277, 0.05917277723452088, -0.9981940756316179]",0.013981220885147999,"[0.23888431720605907, 0.16675448089389208, 0.118919102758996]","[0.2387395796203958, 0.16758178856279557, 0.10496313090134422]",step1_final
True,self_pairs,-0.004534634278953897,left_link_3,left_link_4,parameterized_baseline_proxy,"[-0.5403405481342484, -0.011968066071856997, 0.8413613120630634]",0.004534634278953897,"[-0.10159607359661517, -0.0007834963945578776, 0.11615349990308177]","[-0.10404632036849347, -0.0008377671972201055, 0.11996876574974856]",step1_final
False,self_pairs,0.006701861409178916,right_joint_2,right_joint_3,parameterized_baseline_proxy,"[-0.6065112463200043, -0.18803762967401053, 0.7725192281839558]",0.0,"[0.24589748107232104, 0.14491612009877805, 0.32604749405767036]","[0.2499622353882661, 0.14617632223256377, 0.3208701772544556]",step1_final
False,self_pairs,0.00670186140917893,left_joint_2,left_joint_3,parameterized_baseline_proxy,"[0.5828282500358971, 0.319191568090207, 0.7472803850096752]",0.0,"[-0.145884705622774, 0.012152225303110055, 0.3256657984496467]","[-0.14979073977986887, 0.010013047650790988, 0.320657628875514]",step1_final
False,tower_pairs,-0.018542464998661405,left_link_4,Tower,parameterized_baseline_proxy,"[-0.9999999999999988, -4.9956188658521346e-08, 0.0]",0.018542464998661405,"[0.01854246499866138, 9.263108796671579e-10, 0.047456549219252936]","[0.0, 0.0, 0.047456549219252936]",step1_final
False,tower_pairs,-0.00219533119124804,right_link_2,Tower,parameterized_baseline_proxy,"[-0.2195027958226115, 0.9673525982217273, 0.12667862226804597]",0.00219533119124804,"[0.2633253795001924, 0.07784094117163368, 0.3145527061358906]","[0.26284349816595687, 0.07996460050344467, 0.31483080766661997]",step1_final
False,tower_pairs,0.012883544853070278,right_link_1,Tower,parameterized_baseline_proxy,"[-0.76003106555257, 0.4795412147027611, 0.4386262677911859]",0.0,"[0.29370234674383516, 0.08501319382650269, 0.394147022767708]","[0.3034942410666085, 0.07883500307798386, 0.38849596157288546]",step1_final
False,tower_pairs,0.017344120885854908,right_link_3,Tower,parameterized_baseline_proxy,"[0.35063746592094736, 0.9143874340665128, -0.20235856273900324]",0.0,"[0.23026211050505888, 0.09585924440481694, 0.23417555113669505]","[0.22418061190901614, 0.07999999821186066, 0.2376852825111282]",step1_final
True,self_pairs,-0.07036495625215954,base_end_mesh,left_link_4,parameterized_baseline_proxy,"[-0.03565628122206284, 0.07303231588265927, 0.9966919837373172]",0.07036495625215954,"[-0.07184658409699049, 0.07645147259645399, 0.24864754890010893]","[-0.07435553676529563, 0.0815903883085312, 0.31877973673266335]",step2_final
True,self_pairs,-0.06669906929541056,right_link_2,right_joint_3,parameterized_baseline_proxy,"[-0.9858330304545586, -0.15092362105375925, 0.07317989254435044]",0.06669906929541056,"[0.015246370905079736, -0.32156264164377546, 0.21259316209222928]","[-0.05050777470691346, -0.3316291067027544, 0.2174741928160756]",step2_final
True,self_pairs,-0.06669906929541054,left_link_2,left_joint_2,parameterized_baseline_proxy,"[0.14925657410368265, 0.9819444221481293, 0.11622231669954088]",0.06669906929541054,"[-0.34558572093131107, -0.11633545595216377, 0.23450491996636105]","[-0.33563044635237393, -0.05084067689506382, 0.24225684032157688]",step2_final
True,self_pairs,-0.06669906929541054,left_link_2,left_joint_3,parameterized_baseline_proxy,"[-0.14925657410368381, -0.9819444221481293, -0.11622231669954029]",0.06669906929541054,"[-0.32467487489938507, 0.02123495759078916, 0.2507876665359667]","[-0.33463014947832226, -0.04425982146631078, 0.24303574618075088]",step2_final
True,self_pairs,-0.06669906929541054,right_link_2,right_joint_2,parameterized_baseline_proxy,"[0.9858330304545585, 0.15092362105376037, -0.07317989254435042]",0.06669906929541054,"[-0.12286883666160392, -0.3427070409534072, 0.22284566503769276]","[-0.057114691049610755, -0.33264057589442814, 0.21796463431384644]",step2_final
True,self_pairs,-0.0511547562865233,central_body,left_link_1,parameterized_baseline_proxy,"[-0.8359935452191445, -0.5430466817446922, 0.07883586619049353]",0.0511547562865233,"[-0.44196478271828427, -0.14787825326081414, 0.24684464791723484]","[-0.4847298287810762, -0.17565767391766904, 0.2508774774388465]",step2_final
True,self_pairs,-0.0510605182805428,central_body,right_link_1,parameterized_baseline_proxy,"[-0.5495384876288157, -0.8122901396358198, -0.19542819567568645]",0.0510605182805428,"[-0.15508534563806867, -0.4367859100100156, 0.19929781849692868]","[-0.18314506563150165, -0.478261865533995, 0.18931915353909679]",step2_final
True,self_pairs,-0.04500000000000001,left_link_1,left_joint_1,parameterized_baseline_proxy,"[0.8880207033576141, 0.4512593712684746, -0.08822817152491302]",0.04500000000000001,"[-0.4883717298507691, -0.1692325621843338, 0.25153493881225586]","[-0.44841079819967644, -0.14892589047725244, 0.24756467109363478]",step2_final
True,self_pairs,-0.04500000000000001,left_link_1,left_joint_2,parameterized_baseline_proxy,"[-0.8880207033576141, -0.45125937126847443, 0.08822817152491341]",0.04500000000000001,"[-0.3423469921870396, -0.09502817589172964, 0.23702683607009753]","[-0.3823079238381323, -0.11533484759881099, 0.24099710378871864]",step2_final
True,self_pairs,-0.04500000000000001,right_link_1,right_joint_1,parameterized_baseline_proxy,"[0.4574429103436847, 0.8679666708622521, 0.1933386718910591]",0.04500000000000001,"[-0.17669837522154247, -0.4821592227198453, 0.1894654202040207]","[-0.15611344425607665, -0.44310072253104393, 0.19816566043911837]",step2_final
True,self_pairs,-0.045,left_link_3,left_joint_4,parameterized_baseline_proxy,"[-0.898587747327942, -0.4385400517070248, 0.014922580235824037]",0.045,"[-0.15912136377313832, 0.08230378138963343, 0.24546266776151462]","[-0.19955781240289572, 0.06256947906281732, 0.2461341838721267]",step2_final
True,self_pairs,-0.045,right_link_1,right_joint_2,parameterized_baseline_proxy,"[-0.4574429103436849, -0.867966670862252, -0.1933386718910595]",0.045,"[-0.10147717742006589, -0.33943213884184736, 0.2212577294783422]","[-0.1220621083855317, -0.3784906390306487, 0.21255748924324452]",step2_final
True,self_pairs,-0.045,right_link_3,right_joint_3,parameterized_baseline_proxy,"[0.4493985287035494, 0.879160137008681, 0.15848790456676032]",0.045,"[-0.006145288336458318, -0.32483754375533525, 0.21418109765157983]","[0.014077645455201404, -0.2852753375899446, 0.22131305335708404]",step2_final
True,self_pairs,-0.045,right_link_3,right_joint_4,parameterized_baseline_proxy,"[-0.4493985287035494, -0.879160137008681, -0.15848790456676032]",0.045,"[0.0782704901781623, -0.15969461901388587, 0.2439517332781586]","[0.05804755638650258, -0.1992568251792765, 0.2368197775726544]",step2_final
True,self_pairs,-0.044999999999999984,left_link_4,left_joint_4,parameterized_baseline_proxy,"[0.9969585557574135, -0.06655763466512322, 0.040542809101937936]",0.044999999999999984,"[-0.1591213637731383, 0.08230378138963343, 0.24546266776151462]","[-0.11425822876405471, 0.07930868782970288, 0.24728709417110184]",step2_final
True,self_pairs,-0.04499999999999997,left_link_3,left_joint_3,parameterized_baseline_proxy,"[0.8985877473279421, 0.43854005170702465, -0.014922580235824427]",0.04499999999999997,"[-0.32791360364365646, -7.232246964495107e-05, 0.2482657504322302]","[-0.2874771550138991, 0.019661979857171146, 0.24759423432161812]",step2_final
True,self_pairs,-0.03591382182946733,central_body,left_joint_1,parameterized_baseline_proxy,"[0.7373641452036674, -0.365382332363164, 0.5681459922985638]",0.03591382182946733,"[-0.481671907850886, -0.1725524911565503, 0.2566972145251547]","[-0.455190343316604, -0.18567476714067618, 0.27710150846569126]",step2_final
True,self_pairs,-0.035913817311786354,central_body,right_joint_1,parameterized_baseline_proxy,"[-0.9334651660234401, -0.013715808308959243, 0.3584057204109099]",0.035913817311786354,"[-0.1851800102531151, -0.48228384705985705, 0.19272196005617506]","[-0.21870430769259724, -0.4827764340937485, 0.20559367762251166]",step2_final
True,self_pairs,-0.03492806431645212,left_link_2,left_link_3,parameterized_baseline_proxy,"[-0.6672607038200807, -0.7435537624882617, -0.0434851173055819]",0.03492806431645212,"[-0.28841458581923723, 0.0045476114145984285, 0.24569606257838958]","[-0.31172071059810613, -0.02142328222433154, 0.24417721160433176]",step2_final
True,self_pairs,-0.03489228566210714,right_link_2,right_link_3,parameterized_baseline_proxy,"[-0.7523191841592732, -0.6548611715743156, -0.07192142316611998]",0.03489228566210714,"[-0.0010995983355902399, -0.2862870131073365, 0.22275025419196223]","[-0.02734973421835899, -0.30913661617492966, 0.22024075134962467]",step2_final
True,self_pairs,-0.03485109823520857,left_link_1,left_link_2,parameterized_baseline_proxy,"[-0.6597375675230094, -0.7514770402023027, 0.005347901234103593]",0.03485109823520857,"[-0.358326811695462, -0.07401293906636167, 0.24282845499045422]","[-0.38131939047066393, -0.1002027392159559, 0.24301483522171616]",step2_final
True,self_pairs,-0.03477363213260816,right_link_1,right_link_2,parameterized_baseline_proxy,"[-0.7568222511937291, -0.6466764908992736, -0.09502418753274058]",0.03477363213260816,"[-0.08052062356056278, -0.3549224514392559, 0.21437571557325988]","[-0.10683808211334588, -0.3774097418425931, 0.2110713794322964]",step2_final
True,self_pairs,-0.030186978414504455,base_end_mesh,left_joint_4,parameterized_baseline_proxy,"[-0.6876666462290293, 0.707500518803632, 0.1629650255628816]",0.030186978414504455,"[-0.16930778464735424, 0.09278400184642091, 0.24787667220285842]","[-0.1900663628534446, 0.11414130473579685, 0.25279609391184427]",step2_final
True,self_pairs,-0.03018467707515581,l8_end_mesh,right_joint_4,parameterized_baseline_proxy,"[0.7112260813449296, -0.6827002971252469, -0.16756421312390943]",0.03018467707515581,"[0.08880753424585894, -0.16980904437668348, 0.24146921535008048]","[0.11027566383868413, -0.19041613238452199, 0.23641134368758268]",step2_final
True,self_pairs,-0.013984226618224842,base_end_mesh,left_link_3,parameterized_baseline_proxy,"[0.7231656470718736, 0.6873806227980456, 0.06737452260973278]",0.013984226618224842,"[-0.18151382308223138, 0.09011013496382049, 0.2502812843682344]","[-0.1714009107910631, 0.09972262136600489, 0.2512234649607036]",step2_final
True,self_pairs,-0.013981219146902119,l8_end_mesh,right_link_3,parameterized_baseline_proxy,"[0.698503789661914, 0.7131504757072271, 0.059235587500253026]",0.013981219146902119,"[0.08594192388704297, -0.18128600839056788, 0.23617588535336656]","[0.09570785844524782, -0.17131529530498765, 0.2370040710835031]",step2_final
True,self_pairs,-0.004769074546187413,left_link_3,left_link_4,parameterized_baseline_proxy,"[-0.9811974647862174, -0.19255040299067178, -0.01326187789227624]",0.004769074546187413,"[-0.153338683551059, 0.06508450597948871, 0.24743557983048167]","[-0.15801808740515458, 0.06416621875372777, 0.24737233294619096]",step2_final
False,self_pairs,0.006701861409178916,right_joint_2,right_joint_3,parameterized_baseline_proxy,"[-0.9858330304545584, -0.1509236210537598, 0.07317989254435042]",0.0,"[-0.05711469104961075, -0.33264057589442814, 0.21796463431384644]","[-0.05050777470691344, -0.3316291067027544, 0.2174741928160756]",step2_final
False,self_pairs,0.006701861409178944,left_joint_2,left_joint_3,parameterized_baseline_proxy,"[-0.1492565741036832, -0.9819444221481292, -0.11622231669954056]",0.0,"[-0.33563044635237393, -0.05084067689506384, 0.24225684032157685]","[-0.3346301494783222, -0.04425982146631077, 0.24303574618075088]",step2_final
False,tower_pairs,-0.0006900714376551209,left_link_4,Tower,parameterized_baseline_proxy,"[-1.0, -1.0011399589981733e-16, 2.0022799179963466e-16]",0.0006900714376551209,"[0.0006900714376551209, 0.07630790858329695, 0.24911498395048193]","[0.0, 0.07630790858329695, 0.24911498395048193]",step2_final
True,self_pairs,-0.10413284868563984,L6,L7,legacy_actual_urdf,"[-0.1757181934489407, -0.6696539779213648, 0.7215862154622499]",0.10413284868563984,"[0.27149488787888193, 0.041711313486720164, 0.23944066640287714]","[0.2531968518291494, -0.028021662867902114, 0.3145814945912511]",initial
True,self_pairs,-0.10413284378235856,L1,L2,legacy_actual_urdf,"[-0.17571820097344673, -0.6696539545950985, -0.7215862352773932]",0.10413284378235856,"[-0.14655685071821895, 0.0280216632913749, 0.3145814933581979]","[-0.16485488668990397, -0.04171130735071511, 0.23944066664455688]",initial
True,self_pairs,-0.05478440499789238,L3,L4,legacy_actual_urdf,"[-0.7477283062133373, -1.1880063813039441e-11, -0.6640048042652507]",0.05478440499789238,"[-0.12346387355173698, -0.0015852452665770535, 0.5082546050716047]","[-0.16442772390771654, -0.0015852452672278957, 0.4718774969541909]",initial
True,self_pairs,-0.05477770815437526,L4,L5,legacy_actual_urdf,"[-0.7476708835116321, -9.384302939208466e-13, 0.6640694616897658]",0.05477770815437526,"[0.27106766680345823, 0.001584934126205914, 0.4718774352814968]","[0.23011196935093414, 0.001584934126154509, 0.5082536384481718]",initial
True,self_pairs,-0.0070030167599007265,base_link,L1,legacy_actual_urdf,"[2.3383907499677606e-13, 1.1140797031758479e-13, -0.9999999999999999]",0.0070030167599007265,"[-0.14148521619110835, -0.003505250763967069, 0.12003301626443788]","[-0.1414852161911067, -0.003505250763966289, 0.11302999950453715]",initial
True,self_pairs,-0.0069842080342574775,L7,L8,legacy_actual_urdf,"[-1.151480310320321e-12, -7.637622852103077e-13, 1.0]",0.0069842080342574775,"[0.22544430459521173, -0.0004904929510598895, 0.11303000703337868]","[0.22544430459520368, -0.0004904929510652238, 0.12001421506763615]",initial
True,self_pairs,-0.006000003497603351,L2,L3,legacy_actual_urdf,"[3.5665893875224834e-12, 3.3511043313545317e-12, -1.0]",0.006000003497603351,"[-0.12122160859515346, 0.0006010710190134049, 0.3750299974963829]","[-0.12122160859513206, 0.0006010710190335115, 0.36902999399877956]",initial
True,self_pairs,-0.005982190544359001,L5,L6,legacy_actual_urdf,"[0.0, 7.249532855538142e-17, 1.0]",0.005982190544359001,"[0.22471967780068366, -0.003434684901562308, 0.369047809232124]","[0.22471967780068366, -0.0034346849015623074, 0.375029999776483]",initial
False,tower_pairs,-0.18756305289696024,L4,Tower,legacy_actual_urdf,"[0.4025925497104389, -0.9144254919326741, 0.04177629257527547]",0.18756305289696024,"[0.009849732275239192, 0.18151243669017955, 0.4865912413551385]","[0.08536121997250033, 0.009999999776482534, 0.49442693032927376]",initial
False,tower_pairs,-0.06325417943949815,L6,Tower,legacy_actual_urdf,"[0.005162572164424677, -0.9999826370847444, -0.0028413689811993487]",0.06325417943949815,"[0.2472107151498047, 0.06325308116254229, 0.2828348529984578]","[0.24753726941586257, 1.2981172858094647e-15, 0.2826551245350672]",initial
False,tower_pairs,-0.060999998598121476,L8,Tower,legacy_actual_urdf,"[2.825608664495339e-13, -1.0, -1.1375236169465937e-14]",0.060999998598121476,"[0.12523630013502804, 0.06099999859812147, 0.018586749467184055]","[0.12523630013504528, -8.407595384028643e-18, 0.01858674946718336]",initial
False,tower_pairs,-0.04895899620768363,L5,Tower,legacy_actual_urdf,"[-2.834573598883646e-16, 1.0, 5.669147197767292e-16]",0.04895899620768363,"[0.22631099805218968, -0.048958996207682334, 0.3827050874180018]","[0.22631099805218968, 1.3007490313549765e-15, 0.3827050874180018]",initial
False,tower_pairs,-0.043281500995159136,base_link,Tower,legacy_actual_urdf,"[-0.9999999999999999, 0.0, 0.0]",0.043281500995159136,"[0.04328150099515914, 0.0032789934465015428, 0.042275981378094164]","[1.3877787807814457e-17, 0.0032789934465015428, 0.042275981378094164]",initial
False,tower_pairs,-0.041081715279653326,L7,Tower,legacy_actual_urdf,"[0.21283571596571033, -0.9693366382001711, -0.1228309401256621]",0.041081715279653326,"[0.19703390147983368, 0.03982201178067708, 0.2108434355535912]","[0.20577755776447815, 1.3281015780417665e-15, 0.2057973298438166]",initial
True,self_pairs,-0.10414026863838188,L6,L7,legacy_actual_urdf,"[-0.2191442065432214, -0.8337594061137282, 0.5067751665733288]",0.10414026863838188,"[0.2687142494649061, 0.20945090914521736, 0.2536688616569347]","[0.24589251292494996, 0.12262298061275595, 0.3064445636431419]",step1_final
True,self_pairs,-0.10413993242017307,L1,L2,legacy_actual_urdf,"[-0.19233061481694305, 0.20957454997933786, -0.958690483214001]",0.10413993242017307,"[-0.14573227528754348, -0.01143031491140847, 0.3251585697770424]","[-0.16576157251691026, 0.010394764560427958, 0.22532060764327327]",step1_final
True,self_pairs,-0.05654266496275408,L4,L5,legacy_actual_urdf,"[-0.7370082943517914, 0.005202769737983769, 0.6758636735642156]",0.05654266496275408,"[0.2650545877451177, 0.10543912780525737, 0.46243504202586916]","[0.22338217468281352, 0.10573330627143054, 0.5006501752807068]",step1_final
True,self_pairs,-0.05631459389373316,L3,L4,legacy_actual_urdf,"[-0.7185061507241906, -0.05766505402901697, -0.6931260007497463]",0.05631459389373316,"[-0.1286723342816541, 0.06647708249587643, 0.4965647162132183]","[-0.1691347163698363, 0.06322969839637216, 0.45753160696380896]",step1_final
True,self_pairs,-0.007003016759901032,base_link,L1,legacy_actual_urdf,"[2.219489525393032e-13, -9.029061741135717e-14, -0.9999999999999999]",0.007003016759901032,"[-0.14148521617221987, 0.0029682327639402387, 0.12003301626443798]","[-0.14148521617221832, 0.0029682327639396064, 0.11302999950453695]",step1_final
True,self_pairs,-0.0069842080342970795,L7,L8,legacy_actual_urdf,"[0.0103530051778614, -0.059172787912286105, 0.9981940675311964]",0.0069842080342970795,"[0.21658684319798813, 0.16593928460952734, 0.1130911810792867]","[0.21665915073993047, 0.16552600954877858, 0.12006277610552576]",step1_final
True,self_pairs,-0.006000003497613897,L2,L3,legacy_actual_urdf,"[0.025680853956450984, -0.34436166071602103, -0.9384857699341911]",0.006000003497613897,"[-0.12344223203375598, 0.029536053421177273, 0.369802628544473]","[-0.12328814682019557, 0.027469882252437017, 0.36417171064240694]",step1_final
True,self_pairs,-0.005982190544056693,L5,L6,legacy_actual_urdf,"[-0.0033671128549592057, -0.2811853838059647, 0.9596475616000459]",0.005982190544056693,"[0.21875549241477552, 0.13194814044069764, 0.3647197992476075]","[0.2187353497040938, 0.13026603589656666, 0.37046059381623836]",step1_final
False,tower_pairs,-0.1723654463377983,L4,Tower,legacy_actual_urdf,"[0.9993658455249687, 0.035558116437352176, 0.0018780717750105634]",0.1723654463377983,"[-0.17225614001866235, 0.10461206287297886, 0.5536450218193907]","[5.551115123125783e-17, 0.11074105348363447, 0.5539687364991448]",step1_final
False,tower_pairs,-0.043281500995159136,base_link,Tower,legacy_actual_urdf,"[-0.9999999999999999, 0.0, 0.0]",0.043281500995159136,"[0.04328150099515914, 0.0032789934465015428, 0.042275981378094164]","[1.3877787807814457e-17, 0.0032789934465015428, 0.042275981378094164]",step1_final
False,tower_pairs,0.012576772593413454,L6,Tower,legacy_actual_urdf,"[0.05877865769148652, 0.9976945221188805, -0.033922115705918736]",0.0,"[0.25224589359416916, 0.09254777533424413, 0.2846079304170564]","[0.2515066477830372, 0.07999999821186066, 0.2850345611521772]",step1_final
True,self_pairs,-0.104153425568546,L1,L2,legacy_actual_urdf,"[0.5735119810693446, 0.6257920131943192, 0.5286476745358071]",0.104153425568546,"[-0.33573234232404514, -0.04139560885794974, 0.2226758007270281]","[-0.27599910489106977, 0.023782773009675337, 0.27773626694877823]",step2_final
True,self_pairs,-0.10413082957192388,L6,L7,legacy_actual_urdf,"[-0.6437929270160423, -0.6316739099284183, 0.4318781525382611]",0.10413082957192388,"[0.01865734086069474, -0.26976150212501776, 0.19213784060678768]","[-0.048381350702022784, -0.3355382303848047, 0.2371096709045867]",step2_final
True,self_pairs,-0.05498205944327645,L4,L5,legacy_actual_urdf,"[-0.9951895562827339, 0.051808426439197565, 0.08314826525953246]",0.05498205944327645,"[-0.14588075983504412, -0.44502816581042914, 0.19478488521719303]","[-0.2005983311759093, -0.44217963182828657, 0.19935654808029796]",step2_final
True,self_pairs,-0.054891243826497155,L3,L4,legacy_actual_urdf,"[-0.04741763701840901, 0.9911462281633663, 0.1240190392525371]",0.054891243826497155,"[-0.4480439330622589, -0.1931980057392244, 0.24294015510695502]","[-0.45064674613751277, -0.1387927564613961, 0.24974771442969396]",step2_final
True,self_pairs,-0.007003016759902273,base_link,L1,legacy_actual_urdf,"[0.7231690425118894, 0.6873778853725753, 0.06736600517444906]",0.007003016759902273,"[-0.1841843336777452, 0.0912498519005933, 0.25247550114904094]","[-0.17911996875279196, 0.09606357075224363, 0.2529472664123253]",step2_final
True,self_pairs,-0.00698420803431826,L7,L8,legacy_actual_urdf,"[-0.6985036207726476, -0.7131506097281953, -0.059235965526061696]",0.00698420803431826,"[0.07499577872755872, -0.1628585677214433, 0.24469078690063273]","[0.070117284127358, -0.16783935993958593, 0.244277070594285]",step2_final
True,self_pairs,-0.006000003497944439,L2,L3,legacy_actual_urdf,"[0.7031162757358133, 0.7095455644941268, -0.04661110063183436]",0.006000003497944439,"[-0.34959708323290056, -0.10301096830054413, 0.24213653569565233]","[-0.345378383119024, -0.0987536924316284, 0.24185686892881827]",step2_final
True,self_pairs,-0.0059821905443084725,L5,L6,legacy_actual_urdf,"[-0.7151268937618119, -0.6810408234411128, -0.15740686968882]",0.0059821905443084725,"[-0.10478462215939735, -0.3428608378578131, 0.2192408707438047]","[-0.10906264750123995, -0.3469349538320906, 0.21829923285634303]",step2_final
False,self_pairs,0.014758719620219409,base_link,L8,legacy_actual_urdf,"[-0.6654579032860046, 0.7463792191022709, 0.009156431973124816]",0.0,"[-0.00011616450088107293, 0.011410654785318466, 0.2449332528481175]","[0.009705142112776153, 0.0003950531602297386, 0.24479811563590456]",step2_final
False,tower_pairs,-0.004480621258413784,base_link,Tower,legacy_actual_urdf,"[-0.9999999999999999, 0.0, 0.0]",0.004480621258413784,"[0.004480621258413783, 0.10287480546891291, 0.20081078514425516]","[3.2526065174565133e-19, 0.10287480546891291, 0.20081078514425516]",step2_final
False,tower_pairs,-0.004058076795673826,L8,Tower,legacy_actual_urdf,"[0.0, -1.0, 3.419794278562959e-15]",0.004058076795673826,"[0.08178948589317168, 0.004058076795673798, 0.19300324257913876]","[0.08178948589317168, -2.7755575615628914e-17, 0.19300324257913876]",step2_final
True,self_pairs,-0.0916990692954106,right_link_2,right_joint_3,legacy_parameterized_baseline_proxy,"[-0.6049521606669626, -5.746385258160597e-20, 0.7962618183137842]",0.0916990692954106,"[0.29594688460205876, -1.164153218256879e-10, 0.2697518812945996]","[0.2404733345006506, -1.164153218309573e-10, 0.34276834894944497]",initial
True,self_pairs,-0.09169906929541055,left_link_2,left_joint_2,legacy_parameterized_baseline_proxy,"[-0.6049521606669631, 5.746385258160592e-20, -0.7962618183137835]",0.09169906929541055,"[-0.1045531153979416, -1.164153218281817e-10, 0.3813081620403608]","[-0.1600266654993498, -1.1641532182291234e-10, 0.30829169438551557]",initial
True,self_pairs,-0.09169906929541055,left_link_2,left_joint_3,legacy_parameterized_baseline_proxy,"[0.6049521606669631, -5.746385258160592e-20, 0.7962618183137835]",0.09169906929541055,"[-0.18930691310738312, -1.164153218256879e-10, 0.2697518812945998]","[-0.13383336300597493, -1.164153218309573e-10, 0.342768348949445]",initial
True,self_pairs,-0.09169906929541054,right_link_2,right_joint_2,legacy_parameterized_baseline_proxy,"[0.6049521606669622, 5.74638525816059e-20, -0.7962618183137843]",0.09169906929541054,"[0.21119308689261734, -1.164153218281817e-10, 0.38130816204036083]","[0.26666663699402543, -1.1641532182291234e-10, 0.3082916943855155]",initial
True,self_pairs,-0.07036495625215958,base_end_mesh,left_link_4,legacy_parameterized_baseline_proxy,"[-0.08443966638152904, 0.9922131610360675, -0.09155864682372056]",0.07036495625215958,"[-0.05330672231491492, -0.0003621145004650411, 0.049223796761670005]","[-0.05924831574579816, 0.06945492116865482, 0.04278127658341198]",initial
True,self_pairs,-0.07000000000000003,right_link_3,right_joint_3,legacy_parameterized_baseline_proxy,"[-0.31143246430647387, -0.0, -0.9502682885248761]",0.07000000000000003,"[0.28281998574733797, -1.1641532182693481e-10, 0.2870300216674801]","[0.2610197132458848, -1.1641532182693481e-10, 0.22051124147073875]",initial
True,self_pairs,-0.07,left_link_3,left_joint_3,legacy_parameterized_baseline_proxy,"[0.31143246430647287, -9.484811480588975e-18, -0.9502682885248763]",0.07,"[-0.17618001425266236, -1.1641532182693481e-10, 0.28703002166748015]","[-0.15437974175120925, -1.1641532249087162e-10, 0.2205112414707388]",initial
True,self_pairs,-0.07,left_link_4,left_joint_4,legacy_parameterized_baseline_proxy,"[0.7351075214629987, -0.0, -0.6779505379366013]",0.07,"[-0.11768001425266217, -1.1641532182693481e-10, 0.10853002166748016]","[-0.06622248775025225, -1.1641532182693481e-10, 0.06107348401191806]",initial
True,self_pairs,-0.07,right_link_4,right_joint_4,legacy_parameterized_baseline_proxy,"[-0.7351075214629985, -0.0, -0.6779505379366013]",0.07,"[0.22431998574733758, -1.1641532182693481e-10, 0.10853002166748019]","[0.17286245924492769, -1.1641532182693481e-10, 0.06107348401191809]",initial
True,self_pairs,-0.06999999999999999,left_link_1,left_joint_1,legacy_parameterized_baseline_proxy,"[0.3162277660168393, -0.0, -0.9486832980505133]",0.06999999999999999,"[-0.16968001425266263, -1.1641532182693481e-10, 0.5200300216674805]","[-0.1475440706314839, -1.1641532182693481e-10, 0.4536221908039445]",initial
True,self_pairs,-0.06999999999999999,left_link_3,left_joint_4,legacy_parameterized_baseline_proxy,"[-0.3114324643064732, 9.484811480588972e-18, 0.9502682885248761]",0.06999999999999999,"[-0.11768001425266215, -1.1641532182693481e-10, 0.10853002166748019]","[-0.13948028675411528, -1.1641532116299801e-10, 0.1750488018642215]",initial
True,self_pairs,-0.06999999999999999,right_link_1,right_joint_1,legacy_parameterized_baseline_proxy,"[-0.3162277660168393, -0.0, -0.9486832980505133]",0.06999999999999999,"[0.27631998574733835, -1.1641532182693481e-10, 0.5200300216674805]","[0.2541840421261596, -1.1641532182693481e-10, 0.4536221908039445]",initial
True,self_pairs,-0.06999999999999998,left_link_1,left_joint_2,legacy_parameterized_baseline_proxy,"[-0.3162277660168396, -0.0, 0.9486832980505132]",0.06999999999999998,"[-0.11768001425266236, -1.1641532182693481e-10, 0.36403002166748044]","[-0.13981595787384113, -1.1641532182693481e-10, 0.43043785253101635]",initial
True,self_pairs,-0.06999999999999998,right_link_1,right_joint_2,legacy_parameterized_baseline_proxy,"[0.3162277660168396, -0.0, 0.9486832980505132]",0.06999999999999998,"[0.22431998574733805, -1.1641532182693481e-10, 0.36403002166748044]","[0.24645592936851682, -1.1641532182693481e-10, 0.43043785253101635]",initial
True,self_pairs,-0.06999999999999998,right_link_3,right_joint_4,legacy_parameterized_baseline_proxy,"[0.3114324643064744, -0.0, 0.9502682885248758]",0.06999999999999998,"[0.2243199857473376, -1.1641532182693481e-10, 0.10853002166748021]","[0.2461202582487908, -1.1641532182693481e-10, 0.1750488018642215]",initial
True,self_pairs,-0.060913821829467335,central_body,left_joint_1,legacy_parameterized_baseline_proxy,"[0.6925786582126676, 0.6626343560080556, -0.2850447551282615]",0.060913821829467335,"[-0.1633871211670339, 0.006020813704190047, 0.5174400542358092]","[-0.12119950817777592, 0.04638440480414858, 0.5000768888085021]",initial
True,self_pairs,-0.06091381731178639,central_body,right_joint_1,legacy_parameterized_baseline_proxy,"[-0.6925790317617175, 0.2850446134030394, 0.6626340265439993]",0.06091381731178639,"[0.2700270861387253, 0.002589967315255918, 0.5260508354880858]","[0.22783945352401813, 0.019953122821797436, 0.5664144035255604]",initial
True,self_pairs,-0.055186978414504505,base_end_mesh,left_joint_4,legacy_parameterized_baseline_proxy,"[-0.9876884010373173, 0.15643408342128104, 7.008431222846351e-07]",0.055186978414504505,"[-0.1323106638569715, 0.0023172613380113187, 0.10853003204908446]","[-0.18681820232527438, 0.010950385723074354, 0.10853007072649871]",initial
True,self_pairs,-0.051083697629188185,central_body,right_link_1,legacy_parameterized_baseline_proxy,"[0.213357243269366, 0.01710756393078033, 0.9768244560824892]",0.051083697629188185,"[0.25821997225284576, 0.00032361173572731296, 0.47210009757840465]","[0.2691190491550152, 0.0011975293587393014, 0.5219999027297187]",initial
True,self_pairs,-0.05108369494587953,central_body,left_link_1,legacy_parameterized_baseline_proxy,"[-0.21335787785829205, -0.01710756150404453, 0.9768243175183506]",0.05108369494587953,"[-0.15158001333475113, -0.0003236119685579562, 0.47210009757840465]","[-0.16247912208156434, -0.0011975294216984389, 0.5219998930302291]",initial
False,self_pairs,-0.043298138590821114,left_joint_2,left_joint_3,legacy_parameterized_baseline_proxy,"[0.6049521606669631, 0.0, 0.7962618183137836]",0.043298138590821114,"[-0.16002666549934977, -1.1641532182693481e-10, 0.3082916943855156]","[-0.13383336300597493, -1.1641532182693481e-10, 0.342768348949445]",initial
False,self_pairs,-0.043298138590821114,right_joint_2,right_joint_3,legacy_parameterized_baseline_proxy,"[-0.6049521606669622, 0.0, 0.7962618183137842]",0.043298138590821114,"[0.26666663699402543, -1.1641532182693481e-10, 0.3082916943855155]","[0.24047333450065062, -1.1641532182693481e-10, 0.34276834894944497]",initial
True,self_pairs,-0.0348929997656687,left_link_1,left_link_2,legacy_parameterized_baseline_proxy,"[0.06739616538379778, -2.640697151830907e-20, 0.997726293575327]",0.0348929997656687,"[-0.144533689450707, -1.1641532182508634e-10, 0.36059701198074345]","[-0.14218203506776317, -1.1641532182600775e-10, 0.39541067530866886]",initial
True,self_pairs,-0.03489299976566866,right_link_1,right_link_2,legacy_parameterized_baseline_proxy,"[-0.06739616538379747, -2.6406971518309056e-20, 0.997726293575327]",0.03489299976566866,"[0.2511736609453827, -1.1641532182508634e-10, 0.36059701198074345]","[0.24882200656243886, -1.1641532182600775e-10, 0.3954106753086688]",initial
True,self_pairs,-0.03475917039260962,right_link_2,right_link_3,legacy_parameterized_baseline_proxy,"[-0.07050001333315609, -2.6373391125073205e-20, 0.9975117784367384]",0.03475917039260962,"[0.2585352342886923, -1.1641532182786423e-10, 0.25566438408599285]","[0.25608471231256386, -1.1641532182878095e-10, 0.2903370659613105]",initial
True,self_pairs,-0.034759170392609576,left_link_2,left_link_3,legacy_parameterized_baseline_proxy,"[0.07050001333315714, 6.2823644449229605e-18, 0.9975117784367384]",0.034759170392609576,"[-0.15189526279401672, -1.164153222694759e-10, 0.2556643840859929]","[-0.14944474081788825, -1.164153220511061e-10, 0.2903370659613105]",initial
True,self_pairs,-0.028234208784280193,l8_end_mesh,right_link_4,legacy_parameterized_baseline_proxy,"[-0.4658723836281201, -6.230182975645e-16, -0.8848519210425289]",0.028234208784280193,"[0.1386399835419657, -1.1641534784778695e-10, 0.010500018731951416]","[0.12548644539577908, -1.1641536543821563e-10, -0.014483075149934757]",initial
True,self_pairs,-0.013984228617116679,base_end_mesh,left_link_3,legacy_parameterized_baseline_proxy,"[-0.0, -2.394950532453958e-19, -1.0]",0.013984228617116679,"[-0.1394802867541153, -1.1641532117641351e-10, 0.11903303048133818]","[-0.1394802867541153, -1.1641532117976266e-10, 0.1050488018642215]",initial
True,self_pairs,-0.004511704585141385,left_link_3,left_link_4,legacy_parameterized_baseline_proxy,"[-0.5406946687132731, 4.900325903490672e-18, 0.8412189222937414]",0.004511704585141385,"[-0.10163165994418619, -1.1641532150602082e-10, 0.1161634773036596]","[-0.10407111456018137, -1.16415321483912e-10, 0.11995880857247997]",initial
True,self_pairs,-0.004511704585141357,right_link_3,right_link_4,legacy_parameterized_baseline_proxy,"[0.5406946687132735, -0.0, 0.8412189222937412]",0.004511704585141357,"[0.20827163143886168, -1.1641532182693481e-10, 0.11616347730365964]","[0.21071108605485683, -1.1641532182693481e-10, 0.11995880857247998]",initial
False,self_pairs,0.007946444868765612,left_link_1,left_joint_3,legacy_parameterized_baseline_proxy,"[0.24579202569603867, -0.0, 0.969322588256478]",0.0,"[-0.15702139967256384, -1.1641532182693481e-10, 0.3625852713530629]","[-0.15897457245393964, -1.1641532182693481e-10, 0.3548826028454336]",initial
False,self_pairs,0.00794644486876564,right_link_1,right_joint_3,legacy_parameterized_baseline_proxy,"[-0.24579202569603806, -0.0, 0.9693225882564782]",0.0,"[0.2636613711672395, -1.1641532182693481e-10, 0.3625852713530629]","[0.2656145439486153, -1.1641532182693481e-10, 0.3548826028454336]",initial
False,self_pairs,0.008136795792362872,right_link_3,right_joint_2,legacy_parameterized_baseline_proxy,"[0.24774214469973557, -0.0, -0.9688260059162199]",0.0,"[0.2436777631169033, -1.1641532182693481e-10, 0.28832906188487417]","[0.24166193587631954, -1.1641532182693481e-10, 0.296212201253345]",initial
False,self_pairs,0.008136795792362927,left_link_3,left_joint_2,legacy_parameterized_baseline_proxy,"[-0.24774214469973646, -4.481916866703666e-18, -0.9688260059162196]",0.0,"[-0.13703779162222768, -1.1641532217713744e-10, 0.28832906188487417]","[-0.1350219643816439, -1.16415322140669e-10, 0.2962122012533451]",initial
False,self_pairs,0.0152113519074306,l8_end_mesh,left_link_4,legacy_parameterized_baseline_proxy,"[0.3930661288049474, -0.0, -0.9195102056999109]",0.0,"[-0.01796384453058223, -1.1641532182693481e-10, -0.030896148397326767]","[-0.02394291173872573, -1.1641532182693481e-10, -0.016909155075951525]",initial
False,tower_pairs,-0.07,right_joint_2,Tower,legacy_parameterized_baseline_proxy,"[3.8171111993196074e-16, -1.0, -4.0313969010693136e-16]",0.07,"[0.22431998574733802, 0.07000000000000133, 0.3640300216674805]","[0.22431998574733805, 1.3144238428957457e-15, 0.36403002166748044]",initial
False,tower_pairs,-0.0699999998835834,right_link_1,Tower,legacy_parameterized_baseline_proxy,"[7.653151413511736e-05, -0.9999999889062013, 0.00012779093949041403]",0.0699999998835834,"[0.25110138191417264, 0.06999999910701878, 0.44438133642018784]","[0.2511067391201532, 1.291309012500149e-15, 0.4443902817859373]",initial
False,tower_pairs,-0.06999999988358337,right_link_2,Tower,legacy_parameterized_baseline_proxy,"[-2.3841587864199305e-07, 0.9999999999999716, -0.0]",0.06999999988358337,"[0.25357493419954213, -0.06999999988358006, 0.3255235302869993]","[0.25357491751043065, 1.3185982534649225e-15, 0.3255235302869993]",initial
False,tower_pairs,-0.05402915647196098,right_joint_1,Tower,legacy_parameterized_baseline_proxy,"[-0.8661131744979347, -7.289320709269956e-09, 0.49984794584064285]",0.05402915647196098,"[0.33694790796219376, 3.938371278219622e-10, 0.48504066545863544]","[0.290152543734818, 1.2786465101266978e-15, 0.5120470283366478]",initial
False,tower_pairs,-0.05190248834629897,right_link_4,Tower,legacy_parameterized_baseline_proxy,"[1.0, -6.432670084957635e-09, 7.668340307423633e-16]",0.05190248834629897,"[0.08809751224974748, 3.338715841200997e-10, 0.04745655932304221]","[0.14000000059604645, 0.0, 0.047456559323042255]",initial
False,tower_pairs,-0.043876532294858085,right_joint_3,Tower,legacy_parameterized_baseline_proxy,"[0.8661131743925296, -4.4564004278941744e-09, -0.49984794602328375]",0.043876532294858085,"[0.22219206353986087, 1.9553270812565743e-10, 0.32201937788910995]","[0.26019410620709676, 1.3108323392917374e-15, 0.30008778334290087]",initial
False,tower_pairs,-0.02950875986039842,right_link_3,Tower,legacy_parameterized_baseline_proxy,"[0.8661131743925293, -2.8751068962895174e-09, -0.4998479460232843]",0.02950875986039842,"[0.2003917910384077, 8.484216091333144e-11, 0.2555005976923687]","[0.22594971671348424, 1.321937748636584e-15, 0.2407507046864542]",initial
False,tower_pairs,-0.01854245924492795,left_link_4,Tower,legacy_parameterized_baseline_proxy,"[-0.9999999999999999, -2.2623568891690574e-09, 0.0]",0.01854245924492795,"[0.018542459244927947, 4.194966041489923e-11, 0.04745655932304224]","[0.0, 0.0, 0.04745655932304224]",initial
False,tower_pairs,0.0064624078580133165,left_joint_2,Tower,legacy_parameterized_baseline_proxy,"[-0.8838332120748176, -0.3676146246381976, -0.2893066556193053]",0.0,"[-0.055811689407425126, 0.025733023608258517, 0.3842814875608318]","[-0.05009999871253967, 0.02810869924724102, 0.38615110516548157]",initial
False,tower_pairs,0.012744500317405719,right_joint_4,Tower,legacy_parameterized_baseline_proxy,"[0.36526000485889454, -1.4069412909376833e-09, -0.9309055423889581]",0.0,"[0.19875178540721497, -1.7929431461296967e-11, 0.17369340963470725]","[0.19409672915935516, 1.3322676295501878e-15, 0.18555733561515808]",initial
True,self_pairs,-0.09169906929541058,left_link_2,left_joint_2,legacy_parameterized_baseline_proxy,"[-0.5828282500358972, -0.31919156809020716, -0.7472803850096751]",0.09169906929541058,"[-0.10701060378630681, 0.03344200582166954, 0.3755087046325082]","[-0.16045541187367143, 0.004172436100854871, 0.30698378882440486]",step1_final
True,self_pairs,-0.09169906929541055,right_link_2,right_joint_2,legacy_parameterized_baseline_proxy,"[0.6065112463200043, 0.18803762967401025, -0.7725192281839559]",0.09169906929541055,"[0.20544374542557725, 0.13237418520700647, 0.3775738075903491]","[0.26106026223032114, 0.14961706084062829, 0.30673451335307145]",step1_final
True,self_pairs,-0.09169906929541055,right_link_2,right_joint_3,legacy_parameterized_baseline_proxy,"[-0.6065112463200043, -0.1880376296740108, 0.7725192281839559]",0.09169906929541055,"[0.2904159710350099, 0.15871825712433535, 0.2693438637217769]","[0.234799454230266, 0.14147538149071348, 0.3401831579590545]",step1_final
True,self_pairs,-0.09169906929541052,left_link_2,left_joint_3,legacy_parameterized_baseline_proxy,"[0.5828282500358969, 0.3191915680902068, 0.7472803850096754]",0.09169906929541052,"[-0.188664841616336, -0.01127673286776847, 0.2708147226926526]","[-0.13522003352897144, 0.017992836853046153, 0.3393396385007559]",step1_final
True,self_pairs,-0.07036495625215958,base_end_mesh,left_link_4,legacy_parameterized_baseline_proxy,"[-0.08443966856530434, 0.9922131606390542, -0.09155864911214019]",0.07036495625215958,"[-0.05330671656071256, -0.0003621169547267749, 0.049223786658360066]","[-0.05924831014525705, 0.06945491868645726, 0.04278126631907749]",step1_final
True,self_pairs,-0.07000000000000003,right_link_3,right_joint_3,legacy_parameterized_baseline_proxy,"[-0.32069297647344386, 0.07469070316540852, -0.9442337177316112]",0.07000000000000003,"[0.27725524147266634, 0.15463801556789425, 0.2861068119861776]","[0.25480673311952523, 0.15986636478947286, 0.2200104517449648]",step1_final
True,self_pairs,-0.07,left_link_1,left_joint_1,legacy_parameterized_baseline_proxy,"[0.3403529952396766, -0.31526782433685907, -0.8858702148561516]",0.07,"[-0.1756245493888855, 0.078357994556427, 0.5049645304679871]","[-0.15179983972210814, 0.056289246852846864, 0.44295361542805645]",step1_final
True,self_pairs,-0.07,left_link_1,left_joint_2,legacy_parameterized_baseline_proxy,"[-0.34035299523967644, 0.31526782433685907, 0.8858702148561516]",0.07,"[-0.11965743437115861, 0.026515845867169374, 0.3592934157750821]","[-0.14348214403793597, 0.04858459357074951, 0.42130433081501273]",step1_final
True,self_pairs,-0.07,left_link_3,left_joint_4,legacy_parameterized_baseline_proxy,"[-0.3105700493646315, -0.023160834884769152, 0.9502682885191376]",0.07,"[-0.11768000851048835, -2.5776540268571124e-09, 0.10853001155115657]","[-0.13941991196601256, -0.0016212610195878677, 0.1750487917474962]",step1_final
True,self_pairs,-0.07,left_link_4,left_joint_4,legacy_parameterized_baseline_proxy,"[0.735107521591318, 7.805587508286838e-11, -0.6779505377974636]",0.07,"[-0.11768000851048835, -2.5776540268571124e-09, 0.10853001155115657]","[-0.06622248199909608, -2.5721901156013117e-09, 0.061073473905334116]",step1_final
True,self_pairs,-0.07,right_link_1,right_joint_1,legacy_parameterized_baseline_proxy,"[-0.31279567381763457, 0.2553335415393085, -0.9148571741020377]",0.07,"[0.2700401071064836, 0.09446777793977316, 0.5112485443291461]","[0.24814440993924916, 0.11234112584752476, 0.44720854214200345]",step1_final
True,self_pairs,-0.07,right_link_1,right_joint_2,legacy_parameterized_baseline_proxy,"[0.31279567381763457, -0.25533354153930865, 0.9148571741020377]",0.07,"[0.21860447498792085, 0.13645442676344757, 0.36081085932594836]","[0.24050017215515526, 0.11858107885569596, 0.42485086151309104]",step1_final
True,self_pairs,-0.06999999999999999,right_link_3,right_joint_4,legacy_parameterized_baseline_proxy,"[0.3206929764734441, -0.07469070316540888, 0.944233717731611]",0.06999999999999999,"[0.2170157312293323, 0.16866804337795774, 0.1087403559543447]","[0.23946423958247337, 0.16343969415637913, 0.17483671619555746]",step1_final
True,self_pairs,-0.06999999999999999,right_link_4,right_joint_4,legacy_parameterized_baseline_proxy,"[-0.742031740127841, 0.04865960899418444, -0.6685963947669635]",0.06999999999999999,"[0.21701573122933226, 0.16866804337795774, 0.10874035595434468]","[0.1650735094203834, 0.17207421600755066, 0.06193860832065724]",step1_final
True,self_pairs,-0.06999999999999998,left_link_3,left_joint_3,legacy_parameterized_baseline_proxy,"[0.310570049364631, 0.023160834884769145, -0.9502682885191377]",0.06999999999999998,"[-0.17601801103148423, -0.004350572913268326, 0.2870300115500786]","[-0.15427810757596006, -0.002729314471334486, 0.22051123135373898]",step1_final
True,self_pairs,-0.060913821829467335,central_body,left_joint_1,legacy_parameterized_baseline_proxy,"[0.6730650580770098, 0.6734707753159731, -0.30564774232945663]",0.060913821829467335,"[-0.16950896035083787, 0.0844772700135947, 0.5021873606237606]","[-0.12850999532349483, 0.12550094882854512, 0.4835691885049251]",step1_final
True,self_pairs,-0.06091381731178643,central_body,right_joint_1,legacy_parameterized_baseline_proxy,"[-0.6640928252091793, -0.6995745309125597, -0.26377299938424814]",0.06091381731178643,"[0.264006038374701, 0.08811131594788033, 0.5088518546685228]","[0.22355360934184093, 0.04549756077589397, 0.4927844343722487]",step1_final
True,self_pairs,-0.05518697841450449,base_end_mesh,left_joint_4,legacy_parameterized_baseline_proxy,"[-0.9876884013843477, 0.1564340812302147, 7.002979005227773e-07]",0.05518697841450449,"[-0.13231065811993822, 0.002317258844316303, 0.10853002192468449]","[-0.18681819660739266, 0.010950383108461005, 0.1085300605720096]",step1_final
True,self_pairs,-0.05106536616925729,central_body,right_link_1,legacy_parameterized_baseline_proxy,"[0.20855141392887497, -0.2383247647106054, 0.9485291847243824]",0.05106536616925729,"[0.25209325459687604, 0.10782853369493153, 0.4651685949325326]","[0.2627430089142704, 0.09565839231778238, 0.5136055850727103]",step1_final
True,self_pairs,-0.051036135472680474,central_body,left_link_1,legacy_parameterized_baseline_proxy,"[-0.23760148572503942, 0.32382423485586076, 0.915796592536394]",0.051036135472680474,"[-0.15630568210888762, 0.06243020577331631, 0.46032065794349747]","[-0.16843194372286088, 0.07895694329275713, 0.507059376905604]",step1_final
False,self_pairs,-0.0432981385908211,right_joint_2,right_joint_3,legacy_parameterized_baseline_proxy,"[-0.6065112463200043, -0.18803762967401053, 0.7725192281839558]",0.0432981385908211,"[0.2610602622303212, 0.1496170608406283, 0.30673451335307145]","[0.234799454230266, 0.1414753814907135, 0.3401831579590545]",step1_final
False,self_pairs,-0.043298138590821086,left_joint_2,left_joint_3,legacy_parameterized_baseline_proxy,"[0.5828282500358971, 0.319191568090207, 0.7472803850096752]",0.043298138590821086,"[-0.16045541187367143, 0.004172436100854878, 0.3069837888244048]","[-0.13522003352897144, 0.017992836853046167, 0.3393396385007559]",step1_final
True,self_pairs,-0.03626531213850308,left_link_2,left_link_3,legacy_parameterized_baseline_proxy,"[0.061804239202000746, 0.1329930388213096, 0.9891880951779268]",0.03626531213850308,"[-0.15219316085796325, 0.0017571641810543385, 0.25388118298087503]","[-0.14995181083182, 0.006580198246157189, 0.28975439801619385]",step1_final
True,self_pairs,-0.0353804482607841,right_link_2,right_link_3,legacy_parameterized_baseline_proxy,"[-0.06544235004927161, -0.13678840622439756, 0.9884362552752798]",0.0353804482607841,"[0.25254114829605856, 0.1551308114828624, 0.25422967182538425]","[0.2502257686160762, 0.150291176353765, 0.28920098961423446]",step1_final
True,self_pairs,-0.0348878752886439,left_link_1,left_link_2,legacy_parameterized_baseline_proxy,"[0.041160211181767034, 0.3566286726515439, 0.9333390738945146]",0.0348878752886439,"[-0.14636335882065968, 0.02362058648514144, 0.3559705956423967]","[-0.14492736650609594, 0.036062603140963115, 0.3885328128544469]",step1_final
True,self_pairs,-0.03486259396176766,right_link_1,right_link_2,legacy_parameterized_baseline_proxy,"[-0.07037800143301591, -0.2563858235068972, 0.9640089451965601]",0.03486259396176766,"[0.2454266322554664, 0.13652808650117876, 0.35737023534933177]","[0.24297307256766645, 0.12758981163870436, 0.3909780877812314]",step1_final
True,self_pairs,-0.0282342087842802,l8_end_mesh,right_link_4,legacy_parameterized_baseline_proxy,"[-0.4749733033434149, 0.057773501290948735, -0.8781016932335508]",0.0282342087842802,"[0.13033185072998954, 0.17546452092764206, 0.011834953587166977]","[0.11692135531643232, 0.1770957100252896, -0.01295755295341906]",step1_final
True,self_pairs,-0.013984228617116679,base_end_mesh,left_link_3,legacy_parameterized_baseline_proxy,"[1.892756532063557e-10, -2.2902730498593147e-09, -0.9999999999999999]",0.013984228617116679,"[-0.13941991195541015, -0.0016212611478792793, 0.11903302036461288]","[-0.13941991195276326, -0.0016212611799069812, 0.1050487917474962]",step1_final
True,self_pairs,-0.004534634278953897,left_link_3,left_link_4,legacy_parameterized_baseline_proxy,"[-0.5403405481342484, -0.011968066071856997, 0.8413613120630634]",0.004534634278953897,"[-0.10159607359661517, -0.0007834963945578776, 0.11615349990308177]","[-0.10404632036849347, -0.0008377671972201055, 0.11996876574974856]",step1_final
True,self_pairs,-0.004521151232453058,right_link_3,right_link_4,legacy_parameterized_baseline_proxy,"[0.5490947910970866, -0.06373335712341745, 0.8333264483861206]",0.004521151232453058,"[0.2010276042056773, 0.16790102915501837, 0.11650386480852905]","[0.20351014479717947, 0.16761288100891145, 0.12027145970768569]",step1_final
False,self_pairs,0.005994401019827317,left_link_3,left_joint_2,legacy_parameterized_baseline_proxy,"[-0.23713699267206578, -0.20031699937953173, -0.9505993617008319]",0.0,"[-0.13767851808891546, 0.011292875485232738, 0.28705318667279717]","[-0.13625702385820324, 0.012493655910602152, 0.29275146045602385]",step1_final
False,self_pairs,0.007253105607090138,right_link_3,right_joint_2,legacy_parameterized_baseline_proxy,"[0.2458505576663454, 0.1589911325095883, -0.9561795454194079]",0.0,"[0.23759719408288105, 0.14873698551380166, 0.2869430199243234]","[0.23581401402456503, 0.14758380603911875, 0.2938782911465898]",step1_final
False,self_pairs,0.007953733666217405,left_link_1,left_joint_3,legacy_parameterized_baseline_proxy,"[0.21990568394136603, 0.3577818901376237, 0.907542621180862]",0.0,"[-0.15887554191383163, 0.023539861261115846, 0.3577763473323524]","[-0.16062461315558862, 0.020694159396365333, 0.350557995032739]",step1_final
False,self_pairs,0.007989692494879908,right_link_1,right_joint_3,legacy_parameterized_baseline_proxy,"[-0.24836236022845068, -0.2436449194827928, 0.9375250883213614]",0.0,"[0.25788553737114683, 0.13563622321949148, 0.35922410533059573]","[0.25986987625667474, 0.13758287120409876, 0.3517335681686729]",step1_final
False,tower_pairs,-0.018542464998661405,left_link_4,Tower,legacy_parameterized_baseline_proxy,"[-0.9999999999999988, -4.9956188658521346e-08, 0.0]",0.018542464998661405,"[0.01854246499866138, 9.263108796671579e-10, 0.047456549219252936]","[0.0, 0.0, 0.047456549219252936]",step1_final
False,tower_pairs,-0.00219533119124804,right_link_2,Tower,legacy_parameterized_baseline_proxy,"[-0.2195027958226115, 0.9673525982217273, 0.12667862226804597]",0.00219533119124804,"[0.2633253795001924, 0.07784094117163368, 0.3145527061358906]","[0.26284349816595687, 0.07996460050344467, 0.31483080766661997]",step1_final
False,tower_pairs,0.0031156348826218427,left_joint_2,Tower,legacy_parameterized_baseline_proxy,"[-0.9513346327401089, -0.13571350573304608, -0.27666633497931864]",0.0,"[-0.05306401007935099, 0.0360157912684826, 0.37866005922363444]","[-0.05009999871253967, 0.03643862500098738, 0.3795220505077431]",step1_final
False,tower_pairs,0.00774676224084922,right_joint_3,Tower,legacy_parameterized_baseline_proxy,"[0.24246869231511348, 0.9600144778352936, -0.13993261090120265]",0.0,"[0.2602824330106083, 0.08743700211942369, 0.29590209474926177]","[0.2584040857003935, 0.07999999821186066, 0.29698611941565467]",step1_final
False,tower_pairs,0.012883544853070278,right_link_1,Tower,legacy_parameterized_baseline_proxy,"[-0.76003106555257, 0.4795412147027611, 0.4386262677911859]",0.0,"[0.29370234674383516, 0.08501319382650269, 0.394147022767708]","[0.3034942410666085, 0.07883500307798386, 0.38849596157288546]",step1_final
False,tower_pairs,0.012897685365343359,right_joint_2,Tower,legacy_parameterized_baseline_proxy,"[-0.6260297529951961, 0.6910534673869057, 0.3612919229339467]",0.0,"[0.2624265576975846, 0.08808068404636417, 0.3355204247205721]","[0.27050089248106024, 0.0791676938533783, 0.33086059517353017]",step1_final
False,tower_pairs,0.017344120885854908,right_link_3,Tower,legacy_parameterized_baseline_proxy,"[0.35063746592094736, 0.9143874340665128, -0.20235856273900324]",0.0,"[0.23026211050505888, 0.09585924440481694, 0.23417555113669505]","[0.22418061190901614, 0.07999999821186066, 0.2376852825111282]",step1_final
False,tower_pairs,0.01953074244280073,right_joint_1,Tower,legacy_parameterized_baseline_proxy,"[-0.1832813422720661, 0.9773534040967826, 0.10577463342116077]",0.0,"[0.2828698010655282, 0.02605303965299837, 0.5038443199896648]","[0.28644942175601473, 0.006964602041989565, 0.5017784628673345]",step1_final
True,self_pairs,-0.09169906929541055,left_link_2,left_joint_2,legacy_parameterized_baseline_proxy,"[0.14925657410368265, 0.9819444221481293, 0.11622231669954088]",0.09169906929541055,"[-0.34558572093131107, -0.11633545595216375, 0.23450491996636103]","[-0.3318990319997819, -0.02629206634136058, 0.24516239823906538]",step2_final
True,self_pairs,-0.09169906929541055,left_link_2,left_joint_3,legacy_parameterized_baseline_proxy,"[-0.14925657410368381, -0.9819444221481293, -0.11622231669954029]",0.09169906929541055,"[-0.324674874899385, 0.021234957590789152, 0.2507876665359667]","[-0.3383615638309143, -0.06880843202001402, 0.24013018826326238]",step2_final
True,self_pairs,-0.09169906929541055,right_link_2,right_joint_2,legacy_parameterized_baseline_proxy,"[0.9858330304545585, 0.15092362105376037, -0.07317989254435042]",0.09169906929541055,"[-0.12286883666160393, -0.3427070409534072, 0.22284566503769276]","[-0.03246886528824679, -0.32886748536808413, 0.21613513700023768]",step2_final
True,self_pairs,-0.09169906929541055,right_link_2,right_joint_3,legacy_parameterized_baseline_proxy,"[-0.9858330304545586, -0.15092362105375925, 0.07317989254435044]",0.09169906929541055,"[0.015246370905079715, -0.32156264164377546, 0.21259316209222928]","[-0.07515360046827743, -0.3354021972290984, 0.21930369012968437]",step2_final
True,self_pairs,-0.07036495625215954,base_end_mesh,left_link_4,legacy_parameterized_baseline_proxy,"[-0.03565628122206284, 0.07303231588265927, 0.9966919837373172]",0.07036495625215954,"[-0.07184658409699049, 0.07645147259645399, 0.24864754890010893]","[-0.07435553676529563, 0.0815903883085312, 0.31877973673266335]",step2_final
True,self_pairs,-0.07000000000000002,left_link_1,left_joint_1,legacy_parameterized_baseline_proxy,"[0.8880207033576141, 0.4512593712684746, -0.08822817152491302]",0.07000000000000002,"[-0.48837172985076904, -0.1692325621843338, 0.25153493881225586]","[-0.42621028061573607, -0.13764440619554058, 0.24535896680551195]",step2_final
True,self_pairs,-0.07000000000000002,left_link_1,left_joint_2,legacy_parameterized_baseline_proxy,"[-0.8880207033576141, -0.45125937126847443, 0.08822817152491341]",0.07000000000000002,"[-0.3423469921870397, -0.09502817589172963, 0.23702683607009753]","[-0.40450844142207265, -0.12661633188052285, 0.24320280807684147]",step2_final
True,self_pairs,-0.07000000000000002,right_link_1,right_joint_1,legacy_parameterized_baseline_proxy,"[0.4574429103436847, 0.8679666708622521, 0.1933386718910591]",0.07000000000000002,"[-0.1766983752215425, -0.4821592227198453, 0.1894654202040207]","[-0.14467737149748455, -0.4214015557594876, 0.20299912723639485]",step2_final
True,self_pairs,-0.07,left_link_3,left_joint_4,legacy_parameterized_baseline_proxy,"[-0.898587747327942, -0.4385400517070248, 0.014922580235824037]",0.07,"[-0.1591213637731383, 0.08230378138963343, 0.24546266776151462]","[-0.22202250608609425, 0.05160597777014169, 0.24650724837802232]",step2_final
True,self_pairs,-0.07,right_link_1,right_joint_2,legacy_parameterized_baseline_proxy,"[-0.4574429103436849, -0.867966670862252, -0.1933386718910595]",0.07,"[-0.10147717742006587, -0.3394321388418473, 0.2212577294783422]","[-0.13349818114412382, -0.400189805802205, 0.20772402244596805]",step2_final
True,self_pairs,-0.07,right_link_3,right_joint_3,legacy_parameterized_baseline_proxy,"[0.4493985287035494, 0.879160137008681, 0.15848790456676032]",0.07,"[-0.006145288336458318, -0.32483754375533525, 0.21418109765157983]","[0.025312608672790143, -0.2632963341647276, 0.22527525097125306]",step2_final
True,self_pairs,-0.07,right_link_3,right_joint_4,legacy_parameterized_baseline_proxy,"[-0.4493985287035494, -0.879160137008681, -0.15848790456676032]",0.07,"[0.0782704901781623, -0.15969461901388587, 0.2439517332781586]","[0.04681259316891384, -0.22123582860449353, 0.23285757995848538]",step2_final
True,self_pairs,-0.06999999999999999,left_link_4,left_joint_4,legacy_parameterized_baseline_proxy,"[0.9969585557574135, -0.06655763466512322, 0.040542809101937936]",0.06999999999999999,"[-0.1591213637731383, 0.08230378138963343, 0.24546266776151462]","[-0.08933426487011936, 0.0776447469630748, 0.24830066439865028]",step2_final
True,self_pairs,-0.06999999999999998,left_link_3,left_joint_3,legacy_parameterized_baseline_proxy,"[0.8985877473279421, 0.43854005170702465, -0.014922580235824427]",0.06999999999999998,"[-0.3279136036436564, -7.232246964495107e-05, 0.2482657504322302]","[-0.2650124613307005, 0.030625481149846766, 0.24722116981572248]",step2_final
True,self_pairs,-0.06999999999999998,right_link_4,right_joint_4,legacy_parameterized_baseline_proxy,"[-0.05193121151429112, 0.9974647089741958, 0.0486549444731036]",0.06999999999999998,"[0.0782704901781623, -0.15969461901388585, 0.2439517332781586]","[0.07463530537216193, -0.08987208938569216, 0.24735757939127587]",step2_final
True,self_pairs,-0.060913821829467335,central_body,left_joint_1,legacy_parameterized_baseline_proxy,"[0.7373641452036674, -0.365382332363164, 0.5681459922985638]",0.060913821829467335,"[-0.481671907850886, -0.1725524911565503, 0.2566972145251547]","[-0.4367562396865123, -0.1948093254497553, 0.29130515827315534]",step2_final
True,self_pairs,-0.06091381731178636,central_body,right_joint_1,legacy_parameterized_baseline_proxy,"[-0.9334651660234401, -0.013715808308959243, 0.3584057204109099]",0.06091381731178636,"[-0.1851800102531151, -0.48228384705985705, 0.19272196005617506]","[-0.24204093684318323, -0.4831193293014725, 0.21455382063278441]",step2_final
True,self_pairs,-0.05518697841450446,base_end_mesh,left_joint_4,legacy_parameterized_baseline_proxy,"[-0.6876666462290293, 0.707500518803632, 0.1629650255628816]",0.05518697841450446,"[-0.16930778464735424, 0.09278400184642091, 0.24787667220285842]","[-0.20725802900917034, 0.13182881770588767, 0.2568702195509163]",step2_final
True,self_pairs,-0.0511547562865233,central_body,left_link_1,legacy_parameterized_baseline_proxy,"[-0.8359935452191445, -0.5430466817446922, 0.07883586619049353]",0.0511547562865233,"[-0.44196478271828427, -0.14787825326081414, 0.24684464791723484]","[-0.4847298287810762, -0.17565767391766904, 0.2508774774388465]",step2_final
True,self_pairs,-0.0510605182805428,central_body,right_link_1,legacy_parameterized_baseline_proxy,"[-0.5495384876288157, -0.8122901396358198, -0.19542819567568645]",0.0510605182805428,"[-0.15508534563806867, -0.4367859100100156, 0.19929781849692868]","[-0.18314506563150165, -0.478261865533995, 0.18931915353909679]",step2_final
False,self_pairs,-0.0432981385908211,right_joint_2,right_joint_3,legacy_parameterized_baseline_proxy,"[-0.9858330304545584, -0.1509236210537598, 0.07317989254435042]",0.0432981385908211,"[-0.03246886528824679, -0.3288674853680842, 0.21613513700023768]","[-0.07515360046827742, -0.3354021972290984, 0.21930369012968437]",step2_final
False,self_pairs,-0.04329813859082107,left_joint_2,left_joint_3,legacy_parameterized_baseline_proxy,"[-0.1492565741036832, -0.9819444221481292, -0.11622231669954056]",0.04329813859082107,"[-0.3318990319997818, -0.026292066341360595, 0.24516239823906535]","[-0.33836156383091426, -0.06880843202001401, 0.24013018826326235]",step2_final
True,self_pairs,-0.03492806431645212,left_link_2,left_link_3,legacy_parameterized_baseline_proxy,"[-0.6672607038200807, -0.7435537624882617, -0.0434851173055819]",0.03492806431645212,"[-0.28841458581923723, 0.0045476114145984285, 0.24569606257838958]","[-0.31172071059810613, -0.02142328222433154, 0.24417721160433176]",step2_final
True,self_pairs,-0.03489228566210714,right_link_2,right_link_3,legacy_parameterized_baseline_proxy,"[-0.7523191841592732, -0.6548611715743156, -0.07192142316611998]",0.03489228566210714,"[-0.0010995983355902399, -0.2862870131073365, 0.22275025419196223]","[-0.02734973421835899, -0.30913661617492966, 0.22024075134962467]",step2_final
True,self_pairs,-0.03485109823520857,left_link_1,left_link_2,legacy_parameterized_baseline_proxy,"[-0.6597375675230094, -0.7514770402023027, 0.005347901234103593]",0.03485109823520857,"[-0.358326811695462, -0.07401293906636167, 0.24282845499045422]","[-0.38131939047066393, -0.1002027392159559, 0.24301483522171616]",step2_final
True,self_pairs,-0.03477363213260816,right_link_1,right_link_2,legacy_parameterized_baseline_proxy,"[-0.7568222511937291, -0.6466764908992736, -0.09502418753274058]",0.03477363213260816,"[-0.08052062356056278, -0.3549224514392559, 0.21437571557325988]","[-0.10683808211334588, -0.3774097418425931, 0.2110713794322964]",step2_final
True,self_pairs,-0.028234208784280207,l8_end_mesh,right_link_4,legacy_parameterized_baseline_proxy,"[0.28504941601419265, 0.9567685505624994, 0.05779940384209576]",0.028234208784280207,"[0.08549755931312737, -0.029877391250879227, 0.250748872463022]","[0.09354570403870924, -0.0028637882360644656, 0.2523807928987067]",step2_final
True,self_pairs,-0.013984226618224842,base_end_mesh,left_link_3,legacy_parameterized_baseline_proxy,"[0.7231656470718736, 0.6873806227980456, 0.06737452260973278]",0.013984226618224842,"[-0.18151382308223138, 0.09011013496382049, 0.2502812843682344]","[-0.1714009107910631, 0.09972262136600489, 0.2512234649607036]",step2_final
True,self_pairs,-0.004941548655995026,right_link_3,right_link_4,legacy_parameterized_baseline_proxy,"[-0.20600496989545175, -0.9726436066130151, -0.10736091883548839]",0.004941548655995026,"[0.06123294106159547, -0.1531507761415825, 0.2403728442769696]","[0.0602149574794803, -0.1579571418486032, 0.2398423150727917]",step2_final
True,self_pairs,-0.004769074546187413,left_link_3,left_link_4,legacy_parameterized_baseline_proxy,"[-0.9811974647862174, -0.19255040299067178, -0.01326187789227624]",0.004769074546187413,"[-0.153338683551059, 0.06508450597948871, 0.24743557983048167]","[-0.15801808740515458, 0.06416621875372777, 0.24737233294619096]",step2_final
False,self_pairs,0.007896570721600493,left_link_3,left_joint_2,legacy_parameterized_baseline_proxy,"[0.5228960379474462, 0.8496049396446522, 0.06892880406818024]",0.0,"[-0.3016151839870217, -0.028846864625278863, 0.24239615353094987]","[-0.3057442695307184, -0.03555583011660398, 0.24185185235487014]",step2_final
False,self_pairs,0.007947460573849402,right_link_3,right_joint_2,legacy_parameterized_baseline_proxy,"[0.8569919726980895, 0.5146137985863966, 0.027155055432029243]",0.0,"[-0.03467682941607613, -0.29931930006577534, 0.223374397091011]","[-0.04148773933119962, -0.3034091729407996, 0.22315858335858427]",step2_final
False,self_pairs,0.008006043381262762,left_link_1,left_joint_3,legacy_parameterized_baseline_proxy,"[-0.5175115558025445, -0.8549921781565446, -0.034207673144444666]",0.0,"[-0.3682826325158945, -0.06676687940956473, 0.24559734519695262]","[-0.36413941254983456, -0.05992177494060309, 0.24587121331211909]",step2_final
False,self_pairs,0.008116226397622606,right_link_1,right_joint_3,legacy_parameterized_baseline_proxy,"[-0.8598172928453005, -0.508737387385122, -0.04359465105651264]",0.0,"[-0.07331097064495279, -0.3645781886852465, 0.21077564801992393]","[-0.06633249883562936, -0.3604491608722938, 0.21112947207762395]",step2_final
False,self_pairs,0.009128012711990346,l8_end_mesh,left_link_4,legacy_parameterized_baseline_proxy,"[0.9078702035325017, 0.41611428605828515, 0.05119174226433065]",0.0,"[0.0025280364436121687, 0.10923420510015772, 0.25316568478312285]","[-0.00575901431506977, 0.10543590860737691, 0.2526984059089851]",step2_final
False,tower_pairs,-0.0006900714376551209,left_link_4,Tower,legacy_parameterized_baseline_proxy,"[-1.0, -1.0011399589981733e-16, 2.0022799179963466e-16]",0.0006900714376551209,"[0.0006900714376551209, 0.07630790858329695, 0.24911498395048193]","[0.0, 0.07630790858329695, 0.24911498395048193]",step2_final
False,tower_pairs,-0.00016241322456056473,right_link_4,Tower,legacy_parameterized_baseline_proxy,"[-2.2852244351317225e-15, -1.0, -1.0333188750160833e-14]",0.00016241322456056473,"[0.0735922449177159, 0.00016241322456056473, 0.24833483462976072]","[0.0735922449177159, 0.0, 0.24833483462976072]",step2_final
